line_id,source_image_id,source_group,x,y,w,h,detector_version,crop_path,quality_score,provisional_class,raw_prelabel,verified_text,label_status,review_status
IMG_0000_L00,IMG_0000,P_20260903_203620,26,0,1245,258,v1.1,work/crops/IMG_0000_L00.jpg,221.3039394401166,TEXT_WITH_CONTEXTUAL_NUMBERS,ố kn ậi2con,,PRELABELED,PENDING
IMG_0000_L01,IMG_0000,P_20260903_203620,24,216,1253,227,v1.1,work/crops/IMG_0000_L01.jpg,221.3039394401166,TEXT_ONLY,ống ể phần phhng nhau là:,,PRELABELED,PENDING
IMG_0000_L02,IMG_0000,P_20260903_203620,21,365,1268,212,v1.1,work/crops/IMG_0000_L02.jpg,221.3039394401166,TEXT_ONLY,Số con bò khoanglà.,,PRELABELED,PENDING
IMG_0000_L03,IMG_0000,P_20260903_203620,22,541,1274,202,v1.1,work/crops/IMG_0000_L03.jpg,221.3039394401166,TEXT_WITH_CONTEXTUAL_NUMBERS,Số cón lo 3gnglà:,,PRELABELED,PENDING
IMG_0000_L04,IMG_0000,P_20260903_203620,18,682,1293,210,v1.1,work/crops/IMG_0000_L04.jpg,221.3039394401166,TEXT_WITH_CONTEXTUAL_NUMBERS,"Đáp rố: TBộ khoang, 1con",,PRELABELED,PENDING
IMG_0001_L00,IMG_0001,P_20260903_203635,49,0,1282,215,v1.1,work/crops/IMG_0001_L00.jpg,106.26619443721258,TEXT_ONLY,ển uốn khiếu bận được là:,,PRELABELED,PENDING
IMG_0001_L01,IMG_0001,P_20260903_203635,0,149,1342,234,v1.1,work/crops/IMG_0001_L01.jpg,106.26619443721258,TEXT_ONLY,Số tiển uổi sằng bản àớcotồng,,PRELABELED,PENDING
IMG_0001_L02,IMG_0001,P_20260903_203635,35,348,1189,184,v1.1,work/crops/IMG_0001_L02.jpg,106.26619443721258,TEXT_WITH_CONTEXTUAL_NUMBERS,7200 00 áp s0 uội đn,,PRELABELED,PENDING
IMG_0001_L03,IMG_0001,P_20260903_203635,31,516,1263,128,v1.1,work/crops/IMG_0001_L03.jpg,106.26619443721258,TEXT_WITH_CONTEXTUAL_NUMBERS,con 10 600 D0 đông. g chiều 22Nađđ,,PRELABELED,PENDING
IMG_0001_L04,IMG_0001,P_20260903_203635,29,628,1193,63,v1.1,work/crops/IMG_0001_L04.jpg,106.26619443721258,TEXT_WITH_CONTEXTUAL_NUMBERS,0VWHe:Fa,,PRELABELED,PENDING
IMG_0002_L00,IMG_0002,P_20260903_203635,0,0,1397,404,v1.1,work/crops/IMG_0002_L00.jpg,74.01867833267544,TEXT_ONLY,Lng ố gi. e,,PRELABELED,PENDING
IMG_0002_L01,IMG_0002,P_20260903_203635,0,321,1399,362,v1.1,work/crops/IMG_0002_L01.jpg,74.01867833267544,TEXT_WITH_CONTEXTUAL_NUMBERS,S3 ổ ouh n gpởihc dau la.,,PRELABELED,PENDING
IMG_0003_L00,IMG_0003,P_20260903_203642,791,0,42,37,v1.1,work/crops/IMG_0003_L00.jpg,171.2445169628699,REJECT,,,PRELABELED,PENDING
IMG_0003_L01,IMG_0003,P_20260903_203642,768,34,47,30,v1.1,work/crops/IMG_0003_L01.jpg,171.2445169628699,REJECT,,,PRELABELED,PENDING
IMG_0003_L02,IMG_0003,P_20260903_203642,0,50,1384,308,v1.1,work/crops/IMG_0003_L02.jpg,171.2445169628699,MATH_DOMINANT,+ỏt đ0ốn  si dà là o,,PRELABELED,PENDING
IMG_0003_L03,IMG_0003,P_20260903_203642,0,328,1366,121,v1.1,work/crops/IMG_0003_L03.jpg,171.2445169628699,TEXT_WITH_CONTEXTUAL_NUMBERS,R: bị xuổng dốc: 800m,,PRELABELED,PENDING
IMG_0004_L00,IMG_0004,P_20260903_203642,0,0,1415,913,v1.1,work/crops/IMG_0004_L00.jpg,149.51421897559837,TEXT_WITH_CONTEXTUAL_NUMBERS, n  cản0.,,PRELABELED,PENDING
IMG_0004_L01,IMG_0004,P_20260903_203642,75,881,1336,138,v1.1,work/crops/IMG_0004_L01.jpg,149.51421897559837,TEXT_WITH_CONTEXTUAL_NUMBERS, CBon vựt: 20000le,,PRELABELED,PENDING
IMG_0005_L00,IMG_0005,P_20260903_203650,62,0,1184,100,v1.1,work/crops/IMG_0005_L00.jpg,139.1532391889482,TEXT_ONLY, iệu số phàn hăng nhal,,PRELABELED,PENDING
IMG_0005_L01,IMG_0005,P_20260903_203650,57,83,1185,97,v1.1,work/crops/IMG_0005_L01.jpg,139.1532391889482,MATH_DOMINANT,3-2+1 (phần) 0e ld:,,PRELABELED,PENDING
IMG_0005_L02,IMG_0005,P_20260903_203650,53,145,1258,142,v1.1,work/crops/IMG_0005_L02.jpg,139.1532391889482,TEXT_ONLY, bó Tổ bạn nữ lã:,,PRELABELED,PENDING
IMG_0005_L03,IMG_0005,P_20260903_203650,49,268,568,62,v1.1,work/crops/IMG_0005_L03.jpg,139.1532391889482,MATH_DOMINANT,NI(1x0=,,PRELABELED,PENDING
IMG_0005_L04,IMG_0005,P_20260903_203650,49,314,568,66,v1.1,work/crops/IMG_0005_L04.jpg,139.1532391889482,TEXT_ONLY, CQa xnn,,PRELABELED,PENDING
IMG_0005_L05,IMG_0005,P_20260903_203650,44,363,163,40,v1.1,work/crops/IMG_0005_L05.jpg,139.1532391889482,REJECT,,,PRELABELED,PENDING
IMG_0005_L06,IMG_0005,P_20260903_203650,45,394,458,49,v1.1,work/crops/IMG_0005_L06.jpg,139.1532391889482,MATH_DOMINANT,>.,,PRELABELED,PENDING
IMG_0005_L07,IMG_0005,P_20260903_203650,49,435,127,31,v1.1,work/crops/IMG_0005_L07.jpg,139.1532391889482,TEXT_ONLY,N,,PRELABELED,PENDING
IMG_0005_L08,IMG_0005,P_20260903_203650,38,457,160,34,v1.1,work/crops/IMG_0005_L08.jpg,139.1532391889482,REJECT,,,PRELABELED,PENDING
IMG_0005_L09,IMG_0005,P_20260903_203650,41,481,223,34,v1.1,work/crops/IMG_0005_L09.jpg,139.1532391889482,TEXT_ONLY,N,,PRELABELED,PENDING
IMG_0005_L10,IMG_0005,P_20260903_203650,0,496,1322,91,v1.1,work/crops/IMG_0005_L10.jpg,139.1532391889482,TEXT_WITH_CONTEXTUAL_NUMBERS,Đáp ố: ln n 2nha,,PRELABELED,PENDING
IMG_0005_L11,IMG_0005,P_20260903_203650,0,568,1323,147,v1.1,work/crops/IMG_0005_L11.jpg,139.1532391889482,TEXT_WITH_CONTEXTUAL_NUMBERS, lạn mam: 30 lạn.,,PRELABELED,PENDING
IMG_0006_L00,IMG_0006,P_20260903_203652,0,0,1299,638,v1.1,work/crops/IMG_0006_L00.jpg,91.25666320233533,TEXT_WITH_CONTEXTUAL_NUMBERS,hệ c t động n ?h2,,PRELABELED,PENDING
IMG_0006_L01,IMG_0006,P_20260903_203652,0,588,1294,205,v1.1,work/crops/IMG_0006_L01.jpg,91.25666320233533,TEXT_ONLY,Số hi lờ gamheai Ncó là:,,PRELABELED,PENDING
IMG_0006_L02,IMG_0006,P_20260903_203652,0,754,1299,210,v1.1,work/crops/IMG_0006_L02.jpg,91.25666320233533,TEXT_WITH_CONTEXTUAL_NUMBERS,Sáp số: foại B1hg.,,PRELABELED,PENDING
IMG_0007_L00,IMG_0007,P_20260903_203652,0,0,1316,192,v1.1,work/crops/IMG_0007_L00.jpg,132.51997762444373,TEXT_ONLY,S đôều dà :t,,PRELABELED,PENDING
IMG_0007_L01,IMG_0007,P_20260903_203652,0,113,1316,715,v1.1,work/crops/IMG_0007_L01.jpg,132.51997762444373,TEXT_WITH_CONTEXTUAL_NUMBERS,Ộn g cti 2nh nahhh,,PRELABELED,PENDING
IMG_0008_L00,IMG_0008,P_20260903_203659,42,0,1284,481,v1.1,work/crops/IMG_0008_L00.jpg,191.80898768411055,TEXT_ONLY,àc ềờ ài hĩ mn đaa eng ba g,,PRELABELED,PENDING
IMG_0008_L01,IMG_0008,P_20260903_203659,0,449,1323,118,v1.1,work/crops/IMG_0008_L01.jpg,191.80898768411055,MATH_DOMINANT,(30+0/x 2=100(m),,PRELABELED,PENDING
IMG_0008_L02,IMG_0008,P_20260903_203659,0,542,387,65,v1.1,work/crops/IMG_0008_L02.jpg,191.80898768411055,TEXT_ONLY,ôf,,PRELABELED,PENDING
IMG_0008_L03,IMG_0008,P_20260903_203659,0,599,1336,132,v1.1,work/crops/IMG_0008_L03.jpg,191.80898768411055,TEXT_ONLY,nhật là:h t dạng hình chữ,,PRELABELED,PENDING
IMG_0008_L04,IMG_0008,P_20260903_203659,39,715,135,40,v1.1,work/crops/IMG_0008_L04.jpg,191.80898768411055,TEXT_ONLY,k,,PRELABELED,PENDING
IMG_0008_L05,IMG_0008,P_20260903_203659,136,737,39,32,v1.1,work/crops/IMG_0008_L05.jpg,191.80898768411055,REJECT, ,,PRELABELED,PENDING
IMG_0008_L06,IMG_0008,P_20260903_203659,0,772,1372,207,v1.1,work/crops/IMG_0008_L06.jpg,191.80898768411055,TEXT_WITH_CONTEXTUAL_NUMBERS,"Đáp số, Chu vị: 100m",,PRELABELED,PENDING
IMG_0009_L00,IMG_0009,P_20260903_203659,31,0,1341,284,v1.1,work/crops/IMG_0009_L00.jpg,177.95247913105828,TEXT_ONLY, phàn áng nhai là,,PRELABELED,PENDING
IMG_0009_L01,IMG_0009,P_20260903_203659,30,252,1330,118,v1.1,work/crops/IMG_0009_L01.jpg,177.95247913105828,MATH_DOMINANT,29: 5X7=35(tuổii,,PRELABELED,PENDING
IMG_0009_L02,IMG_0009,P_20260903_203659,0,323,1368,165,v1.1,work/crops/IMG_0009_L02.jpg,177.95247913105828,TEXT_WITH_CONTEXTUAL_NUMBERS,Tuổi của con sau 2 năm là:,,PRELABELED,PENDING
IMG_0009_L03,IMG_0009,P_20260903_203659,0,444,1372,304,v1.1,work/crops/IMG_0009_L03.jpg,177.95247913105828,TEXT_ONLY, Sữổ sửa mhiến nay là,,PRELABELED,PENDING
IMG_0009_L04,IMG_0009,P_20260903_203659,0,665,1372,197,v1.1,work/crops/IMG_0009_L04.jpg,177.95247913105828,TEXT_WITH_CONTEXTUAL_NUMBERS,3Tuối của áp tố con hiện nay là.,,PRELABELED,PENDING
IMG_0010_L00,IMG_0010,P_20260903_203701,0,0,1265,224,v1.1,work/crops/IMG_0010_L00.jpg,244.19959636548592,TEXT_WITH_CONTEXTUAL_NUMBERS,"sài 1  hì tư ố phần ggám của3,",,PRELABELED,PENDING
IMG_0010_L01,IMG_0010,P_20260903_203701,0,192,1201,92,v1.1,work/crops/IMG_0010_L01.jpg,244.19959636548592,TEXT_WITH_CONTEXTUAL_NUMBERS,90 và 300 60và400,,PRELABELED,PENDING
IMG_0010_L02,IMG_0010,P_20260903_203701,0,253,1294,161,v1.1,work/crops/IMG_0010_L02.jpg,244.19959636548592,MATH_DOMINANT,20=70-30°% 600=150=41541,,PRELABELED,PENDING
IMG_0011_L00,IMG_0011,P_20260903_203701,0,0,1281,23,v1.1,work/crops/IMG_0011_L00.jpg,229.49218398275232,TEXT_ONLY,t,,PRELABELED,PENDING
IMG_0011_L01,IMG_0011,P_20260903_203701,0,12,1286,94,v1.1,work/crops/IMG_0011_L01.jpg,229.49218398275232,TEXT_WITH_CONTEXTUAL_NUMBERS,Bi 2 TBài giai:,,PRELABELED,PENDING
IMG_0011_L02,IMG_0011,P_20260903_203701,0,91,1294,95,v1.1,work/crops/IMG_0011_L02.jpg,229.49218398275232,TEXT_WITH_CONTEXTUAL_NUMBERS,Ta Tn 5A và số lran của đôi,,PRELABELED,PENDING
IMG_0011_L03,IMG_0011,P_20260903_203701,0,174,1294,137,v1.1,work/crops/IMG_0011_L03.jpg,229.49218398275232,TEXT_ONLY,tình nguyện là:,,PRELABELED,PENDING
IMG_0011_L04,IMG_0011,P_20260903_203701,0,283,1294,135,v1.1,work/crops/IMG_0011_L04.jpg,229.49218398275232,MATH_DOMINANT,18: 6D = 033,,PRELABELED,PENDING
IMG_0011_L05,IMG_0011,P_20260903_203701,0,383,1234,114,v1.1,work/crops/IMG_0011_L05.jpg,229.49218398275232,MATH_DOMINANT," ĐĐoi: 0330/ô,",,PRELABELED,PENDING
IMG_0011_L06,IMG_0011,P_20260903_203701,0,468,1259,114,v1.1,work/crops/IMG_0011_L06.jpg,229.49218398275232,MATH_DOMINANT,"/Đạp ô: 30/0, ",,PRELABELED,PENDING
IMG_0011_L07,IMG_0011,P_20260903_203701,0,580,1294,33,v1.1,work/crops/IMG_0011_L07.jpg,229.49218398275232,MATH_DOMINANT,-UA TM 1Ôt5 0 NU t v v,,PRELABELED,PENDING
IMG_0011_L08,IMG_0011,P_20260903_203701,0,596,1294,194,v1.1,work/crops/IMG_0011_L08.jpg,229.49218398275232,TEXT_ONLY,tình nguyện là:,,PRELABELED,PENDING
IMG_0011_L09,IMG_0011,P_20260903_203701,0,773,1294,149,v1.1,work/crops/IMG_0011_L09.jpg,229.49218398275232,MATH_DOMINANT,"Đãi: 0,25=253a",,PRELABELED,PENDING
IMG_0012_L00,IMG_0012,P_20260903_203706,57,0,1295,65,v1.1,work/crops/IMG_0012_L00.jpg,65.80922288798718,TEXT_WITH_CONTEXTUAL_NUMBERS,Ra 2. C(tM n),,PRELABELED,PENDING
IMG_0012_L01,IMG_0012,P_20260903_203706,53,44,1493,72,v1.1,work/crops/IMG_0012_L01.jpg,65.80922288798718,MATH_DOMINANT, <: Tnh (the0 mạ) ,,PRELABELED,PENDING
IMG_0012_L02,IMG_0012,P_20260903_203706,48,109,1498,80,v1.1,work/crops/IMG_0012_L02.jpg,65.80922288798718,MATH_DOMINANT,"a57/ot43,5/s= 1005/o-",,PRELABELED,PENDING
IMG_0012_L03,IMG_0012,P_20260903_203706,1461,181,85,27,v1.1,work/crops/IMG_0012_L03.jpg,65.80922288798718,REJECT,,,PRELABELED,PENDING
IMG_0012_L04,IMG_0012,P_20260903_203706,35,298,46,41,v1.1,work/crops/IMG_0012_L04.jpg,65.80922288798718,REJECT,,,PRELABELED,PENDING
IMG_0012_L05,IMG_0012,P_20260903_203706,32,321,1502,43,v1.1,work/crops/IMG_0012_L05.jpg,65.80922288798718,MATH_DOMINANT,L)/21))/g'2/0,,PRELABELED,PENDING
IMG_0012_L06,IMG_0012,P_20260903_203706,26,396,48,46,v1.1,work/crops/IMG_0012_L06.jpg,65.80922288798718,REJECT,,,PRELABELED,PENDING
IMG_0012_L07,IMG_0012,P_20260903_203706,1494,497,52,25,v1.1,work/crops/IMG_0012_L07.jpg,65.80922288798718,REJECT,,,PRELABELED,PENDING
IMG_0012_L08,IMG_0012,P_20260903_203706,8,573,1538,77,v1.1,work/crops/IMG_0012_L08.jpg,65.80922288798718,TEXT_WITH_CONTEXTUAL_NUMBERS,72o?1²6lo,,PRELABELED,PENDING
IMG_0013_L00,IMG_0013,P_20260903_203706,21,0,1525,812,v1.1,work/crops/IMG_0013_L00.jpg,91.96671734382898,TEXT_WITH_CONTEXTUAL_NUMBERS,2  i ệnhh thệ tahh .h,,PRELABELED,PENDING
IMG_0014_L00,IMG_0014,P_20260903_203709,0,0,1414,350,v1.1,work/crops/IMG_0014_L00.jpg,105.9640651988772,TEXT_ONLY,xã hớt i gn nnhm Tâạ tươ,,PRELABELED,PENDING
IMG_0014_L01,IMG_0014,P_20260903_203709,0,285,1409,217,v1.1,work/crops/IMG_0014_L01.jpg,105.9640651988772,MATH_DOMINANT, ápsố a05B/%,,PRELABELED,PENDING
IMG_0015_L00,IMG_0015,P_20260903_203709,0,0,1454,242,v1.1,work/crops/IMG_0015_L00.jpg,173.45442875732283,TEXT_WITH_CONTEXTUAL_NUMBERS,"a Cim, 20 3 ra 100 msàả)",,PRELABELED,PENDING
IMG_0015_L01,IMG_0015,P_20260903_203709,0,199,1454,243,v1.1,work/crops/IMG_0015_L01.jpg,173.45442875732283,MATH_DOMINANT,"b Ci 2245 1=23õk,ỷ(hg",,PRELABELED,PENDING
IMG_0015_L02,IMG_0015,P_20260903_203709,47,427,1407,89,v1.1,work/crops/IMG_0015_L02.jpg,173.45442875732283,TEXT_WITH_CONTEXTUAL_NUMBERS,"C Q0m O,80 Cua00 00sAAtn",,PRELABELED,PENDING
IMG_0015_L03,IMG_0015,P_20260903_203709,48,500,1339,85,v1.1,work/crops/IMG_0015_L03.jpg,173.45442875732283,TEXT_WITH_CONTEXTUAL_NUMBERS,"(1h000 0Ox U,0:V 1200UCdon",,PRELABELED,PENDING
IMG_0016_L00,IMG_0016,P_20260903_203709,0,0,1425,132,v1.1,work/crops/IMG_0016_L00.jpg,247.91287608558858,TEXT_WITH_CONTEXTUAL_NUMBERS,Bài 2: Bài giải:,,PRELABELED,PENDING
IMG_0016_L01,IMG_0016,P_20260903_203709,1252,116,141,34,v1.1,work/crops/IMG_0016_L01.jpg,247.91287608558858,TEXT_ONLY,A,,PRELABELED,PENDING
IMG_0016_L02,IMG_0016,P_20260903_203709,56,134,1239,35,v1.1,work/crops/IMG_0016_L02.jpg,247.91287608558858,MATH_DOMINANT,(I 1= d ác ViAns N0  1M sự:,,PRELABELED,PENDING
IMG_0016_L03,IMG_0016,P_20260903_203709,50,153,1349,144,v1.1,work/crops/IMG_0016_L03.jpg,247.91287608558858,TEXT_WITH_CONTEXTUAL_NUMBERS,2 S6000x153750o (dồng),,PRELABELED,PENDING
IMG_0016_L04,IMG_0016,P_20260903_203709,52,252,1401,130,v1.1,work/crops/IMG_0016_L04.jpg,247.91287608558858,MATH_DOMINANT,250000x100=,,PRELABELED,PENDING
IMG_0017_L00,IMG_0017,P_20260903_203715,33,0,764,121,v1.1,work/crops/IMG_0017_L00.jpg,176.68020433812353,TEXT_ONLY, Thu lrống đưược y,,PRELABELED,PENDING
IMG_0017_L01,IMG_0017,P_20260903_203715,31,106,388,116,v1.1,work/crops/IMG_0017_L01.jpg,176.68020433812353,MATH_DOMINANT,120,,PRELABELED,PENDING
IMG_0017_L02,IMG_0017,P_20260903_203715,30,195,412,126,v1.1,work/crops/IMG_0017_L02.jpg,176.68020433812353,REJECT,,,PRELABELED,PENDING
IMG_0017_L03,IMG_0017,P_20260903_203715,36,310,224,35,v1.1,work/crops/IMG_0017_L03.jpg,176.68020433812353,TEXT_ONLY,N,,PRELABELED,PENDING
IMG_0017_L04,IMG_0017,P_20260903_203715,29,325,1278,96,v1.1,work/crops/IMG_0017_L04.jpg,176.68020433812353,TEXT_WITH_CONTEXTUAL_NUMBERS, thu bong: 18000 đcgn,,PRELABELED,PENDING
IMG_0018_L00,IMG_0018,P_20260903_203715,0,0,1426,577,v1.1,work/crops/IMG_0018_L00.jpg,237.1080170380482,TEXT_ONLY, n h cca ụa,,PRELABELED,PENDING
IMG_0018_L01,IMG_0018,P_20260903_203715,10,520,1403,208,v1.1,work/crops/IMG_0018_L01.jpg,237.1080170380482,TEXT_WITH_CONTEXTUAL_NUMBERS,(300:100) 2355105 Cngười người.,,PRELABELED,PENDING
IMG_0019_L00,IMG_0019,P_20260903_203715,0,0,1424,213,v1.1,work/crops/IMG_0019_L00.jpg,250.00154849931562,TEXT_WITH_CONTEXTUAL_NUMBERS,Bai 3iền Tãài gmột năm là,,PRELABELED,PENDING
IMG_0019_L01,IMG_0019,P_20260903_203715,0,175,1426,343,v1.1,work/crops/IMG_0019_L01.jpg,250.00154849931562,TEXT_ONLY, c n ẫn ti vô tển lải ấu hật,,PRELABELED,PENDING
IMG_0020_L00,IMG_0020,P_20260903_203718,9,0,1322,286,v1.1,work/crops/IMG_0020_L00.jpg,301.7645813281944,TEXT_WITH_CONTEXTUAL_NUMBERS,"00002300 Báp ố ả 2, 25 ố  đồng",,PRELABELED,PENDING
IMG_0021_L00,IMG_0021,P_20260903_203718,7,0,1284,112,v1.1,work/crops/IMG_0021_L00.jpg,210.5471236717019,TEXT_WITH_CONTEXTUAL_NUMBERS,Bài 2:,,PRELABELED,PENDING
IMG_0021_L01,IMG_0021,P_20260903_203718,0,64,1343,284,v1.1,work/crops/IMG_0021_L01.jpg,210.5471236717019,MATH_DOMINANT,"a, 32/233=23đih",,PRELABELED,PENDING
IMG_0021_L02,IMG_0021,P_20260903_203718,6,336,1306,103,v1.1,work/crops/IMG_0021_L02.jpg,210.5471236717019,TEXT_WITH_CONTEXTUAL_NUMBERS,Tg0c,,PRELABELED,PENDING
IMG_0021_L03,IMG_0021,P_20260903_203718,4,430,1312,111,v1.1,work/crops/IMG_0021_L03.jpg,210.5471236717019,MATH_DOMINANT,R0/5=2002đ,,PRELABELED,PENDING
IMG_0021_L04,IMG_0021,P_20260903_203718,3,517,1322,147,v1.1,work/crops/IMG_0021_L04.jpg,210.5471236717019,MATH_DOMINANT,b)125:38 =30đ,,PRELABELED,PENDING
IMG_0022_L00,IMG_0022,P_20260903_203722,15,0,1057,303,v1.1,work/crops/IMG_0022_L00.jpg,110.61698595187046,TEXT_WITH_CONTEXTUAL_NUMBERS,3So h Cuo 2ở l1ị0o 000 cLòn,,PRELABELED,PENDING
IMG_0022_L01,IMG_0022,P_20260903_203722,8,255,1484,229,v1.1,work/crops/IMG_0022_L01.jpg,110.61698595187046,TEXT_WITH_CONTEXTUAL_NUMBERS,(1100 000: Đ002 s1 110 000 (dồng,,PRELABELED,PENDING
IMG_0023_L00,IMG_0023,P_20260903_203722,7,0,1388,134,v1.1,work/crops/IMG_0023_L00.jpg,167.19239767171584,TEXT_WITH_CONTEXTUAL_NUMBERS,Bai 2: Bài giải:,,PRELABELED,PENDING
IMG_0023_L01,IMG_0023,P_20260903_203722,3,85,979,126,v1.1,work/crops/IMG_0023_L01.jpg,167.19239767171584,TEXT_ONLY,Số tiền lai mà chú năm n,,PRELABELED,PENDING
IMG_0023_L02,IMG_0023,P_20260903_203722,1,174,1423,357,v1.1,work/crops/IMG_0023_L02.jpg,167.19239767171584,TEXT_WITH_CONTEXTUAL_NUMBERS,nn làg 000 00o 100 ấp2 B00oos6 đông3ng,,PRELABELED,PENDING
IMG_0024_L00,IMG_0024,P_20260903_203724,21,0,1291,225,v1.1,work/crops/IMG_0024_L00.jpg,118.26611703125681,TEXT_WITH_CONTEXTUAL_NUMBERS,đ ếmt nủa 2t ấnhái là!,,PRELABELED,PENDING
IMG_0024_L01,IMG_0024,P_20260903_203724,21,178,1319,266,v1.1,work/crops/IMG_0024_L01.jpg,118.26611703125681,TEXT_WITH_CONTEXTUAL_NUMBERS,"83Àắp,nhở. 44 nắ",,PRELABELED,PENDING
IMG_0025_L00,IMG_0025,P_20260903_203724,19,0,1357,646,v1.1,work/crops/IMG_0025_L00.jpg,129.76457464066632,TEXT_WITH_CONTEXTUAL_NUMBERS,À 2aa co a ảhn ai ha,,PRELABELED,PENDING
IMG_0025_L01,IMG_0025,P_20260903_203724,20,624,554,66,v1.1,work/crops/IMG_0025_L01.jpg,129.76457464066632,TEXT_ONLY,I,,PRELABELED,PENDING
IMG_0025_L02,IMG_0025,P_20260903_203724,19,669,1266,111,v1.1,work/crops/IMG_0025_L02.jpg,129.76457464066632,TEXT_WITH_CONTEXTUAL_NUMBERS,b)13P00 00đ,,PRELABELED,PENDING
IMG_0026_L00,IMG_0026,P_20260903_203724,702,0,695,60,v1.1,work/crops/IMG_0026_L00.jpg,279.4827637159029,TEXT_ONLY,"c kn (a c, Vại ma",,PRELABELED,PENDING
IMG_0026_L01,IMG_0026,P_20260903_203724,19,52,44,38,v1.1,work/crops/IMG_0026_L01.jpg,279.4827637159029,REJECT,,,PRELABELED,PENDING
IMG_0026_L02,IMG_0026,P_20260903_203724,19,69,1386,123,v1.1,work/crops/IMG_0026_L02.jpg,279.4827637159029,TEXT_WITH_CONTEXTUAL_NUMBERS,29gva 0,,PRELABELED,PENDING
IMG_0026_L03,IMG_0026,P_20260903_203724,0,164,1408,140,v1.1,work/crops/IMG_0026_L03.jpg,279.4827637159029,MATH_DOMINANT,"a 99:70=0,Tố",,PRELABELED,PENDING
IMG_0027_L00,IMG_0027,P_20260903_203729,16,0,1330,222,v1.1,work/crops/IMG_0027_L00.jpg,137.5983408608443,MATH_DOMINANT,"b, 38 và 1s²1²-70r",,PRELABELED,PENDING
IMG_0027_L01,IMG_0027,P_20260903_203729,12,142,1345,207,v1.1,work/crops/IMG_0027_L01.jpg,137.5983408608443,MATH_DOMINANT,"Ở338x2 105: 100, 04 106-342",,PRELABELED,PENDING
IMG_0028_L00,IMG_0028,P_20260903_203729,9,0,1363,210,v1.1,work/crops/IMG_0028_L00.jpg,133.18203811812384,TEXT_ONLY,a ố phần trm từ lé táo bự nâu lã:,,PRELABELED,PENDING
IMG_0028_L01,IMG_0028,P_20260903_203729,2,145,1482,593,v1.1,work/crops/IMG_0028_L01.jpg,133.18203811812384,TEXT_WITH_CONTEXTUAL_NUMBERS,"cả s n ờ2n g0eu,0. n0",,PRELABELED,PENDING
IMG_0028_L02,IMG_0028,P_20260903_203729,2,697,1402,123,v1.1,work/crops/IMG_0028_L02.jpg,133.18203811812384,TEXT_WITH_CONTEXTUAL_NUMBERS,Bấp gố ai 5kg,,PRELABELED,PENDING
IMG_0028_L03,IMG_0028,P_20260903_203729,0,777,1484,175,v1.1,work/crops/IMG_0028_L03.jpg,133.18203811812384,TEXT_WITH_CONTEXTUAL_NUMBERS, b)76hg táo.,,PRELABELED,PENDING
IMG_0029_L00,IMG_0029,P_20260903_203731,0,0,1304,311,v1.1,work/crops/IMG_0029_L00.jpg,64.96432793653246,TEXT_ONLY,Bhiêu dảan gề Bm) nhhhh gac,,PRELABELED,PENDING
IMG_0029_L01,IMG_0029,P_20260903_203731,12,274,1304,113,v1.1,work/crops/IMG_0029_L01.jpg,64.96432793653246,TEXT_WITH_CONTEXTUAL_NUMBERS,B chiều cao 1em.,,PRELABELED,PENDING
IMG_0030_L00,IMG_0030,P_20260903_203731,0,0,1310,120,v1.1,work/crops/IMG_0030_L00.jpg,71.99919446394077,MATH_DOMINANT,ai 1 dm² =Iem² d 1000 cm: 1 dmỉ đ,,PRELABELED,PENDING
IMG_0030_L01,IMG_0030,P_20260903_203731,0,72,1310,242,v1.1,work/crops/IMG_0030_L01.jpg,71.99919446394077,TEXT_WITH_CONTEXTUAL_NUMBERS,b dm 6 cm2c ỏco 5 200o cmi: 5 mn,,PRELABELED,PENDING
IMG_0032_L00,IMG_0032,P_20260903_203735,0,0,1334,199,v1.1,work/crops/IMG_0032_L00.jpg,50.929169103468745,MATH_DOMINANT,"b, 330 cm =0,25 cm",,PRELABELED,PENDING
IMG_0033_L00,IMG_0033,P_20260903_203735,0,0,1358,132,v1.1,work/crops/IMG_0033_L00.jpg,110.04171693721914,TEXT_ONLY,Thể tích của hai chai nước là:,,PRELABELED,PENDING
IMG_0033_L01,IMG_0033,P_20260903_203735,0,100,1358,107,v1.1,work/crops/IMG_0033_L01.jpg,110.04171693721914,MATH_DOMINANT,"D,5x2=10l)",,PRELABELED,PENDING
IMG_0033_L02,IMG_0033,P_20260903_203735,0,180,1358,318,v1.1,work/crops/IMG_0033_L02.jpg,110.04171693721914,TEXT_ONLY,h Bht c khẻ đổ đây nhiếu nhật ố,,PRELABELED,PENDING
IMG_0033_L03,IMG_0033,P_20260903_203735,0,453,1358,218,v1.1,work/crops/IMG_0033_L03.jpg,110.04171693721914,TEXT_WITH_CONTEXTUAL_NUMBERS,1000: Đ12 ối tả đá.,,PRELABELED,PENDING
IMG_0034_L00,IMG_0034,P_20260903_203735,11,0,1429,117,v1.1,work/crops/IMG_0034_L00.jpg,89.03419793818253,TEXT_WITH_CONTEXTUAL_NUMBERS,3m²: 3000 dm,,PRELABELED,PENDING
IMG_0034_L01,IMG_0034,P_20260903_203735,0,68,1451,265,v1.1,work/crops/IMG_0034_L01.jpg,89.03419793818253,TEXT_WITH_CONTEXTUAL_NUMBERS,32 mt dm,,PRELABELED,PENDING
IMG_0034_L02,IMG_0034,P_20260903_203735,0,277,1451,141,v1.1,work/crops/IMG_0034_L02.jpg,89.03419793818253,MATH_DOMINANT,25m =25000000 c,,PRELABELED,PENDING
IMG_0034_L03,IMG_0034,P_20260903_203735,0,368,1451,169,v1.1,work/crops/IMG_0034_L03.jpg,89.03419793818253,MATH_DOMINANT,1= 258 dm,,PRELABELED,PENDING
IMG_0035_L00,IMG_0035,P_20260903_203737,12,0,1283,144,v1.1,work/crops/IMG_0035_L00.jpg,63.26890995087973,MATH_DOMINANT,800 D00 cm =3.8 m²,,PRELABELED,PENDING
IMG_0035_L01,IMG_0035,P_20260903_203737,0,107,1297,92,v1.1,work/crops/IMG_0035_L01.jpg,63.26890995087973,TEXT_ONLY,",e",,PRELABELED,PENDING
IMG_0036_L00,IMG_0036,P_20260903_203737,1,0,1321,216,v1.1,work/crops/IMG_0036_L00.jpg,154.33973522408246,MATH_DOMINANT,a 320 ỉ  6510 m=9 55 m,,PRELABELED,PENDING
IMG_0036_L01,IMG_0036,P_20260903_203737,9,165,1317,198,v1.1,work/crops/IMG_0036_L01.jpg,154.33973522408246,MATH_DOMINANT,b 333 m 05=433m,,PRELABELED,PENDING
IMG_0037_L00,IMG_0037,P_20260903_203737,268,0,388,69,v1.1,work/crops/IMG_0037_L00.jpg,239.44721426175522,TEXT_ONLY,mÀag,,PRELABELED,PENDING
IMG_0037_L01,IMG_0037,P_20260903_203737,2,56,398,32,v1.1,work/crops/IMG_0037_L01.jpg,239.44721426175522,TEXT_ONLY,xU ,,PRELABELED,PENDING
IMG_0037_L02,IMG_0037,P_20260903_203737,0,101,228,40,v1.1,work/crops/IMG_0037_L02.jpg,239.44721426175522,MATH_DOMINANT,0,,PRELABELED,PENDING
IMG_0037_L03,IMG_0037,P_20260903_203737,7,151,41,31,v1.1,work/crops/IMG_0037_L03.jpg,239.44721426175522,REJECT,,,PRELABELED,PENDING
IMG_0037_L04,IMG_0037,P_20260903_203737,0,180,322,51,v1.1,work/crops/IMG_0037_L04.jpg,239.44721426175522,TEXT_ONLY,(DC,,PRELABELED,PENDING
IMG_0037_L05,IMG_0037,P_20260903_203737,3,215,1356,164,v1.1,work/crops/IMG_0037_L05.jpg,239.44721426175522,TEXT_WITH_CONTEXTUAL_NUMBERS, ĐBáp số: 94990 đông,,PRELABELED,PENDING
IMG_0038_L00,IMG_0038,P_20260903_203737,0,0,1402,122,v1.1,work/crops/IMG_0038_L00.jpg,286.34360696841503,MATH_DOMINANT,"aI 5m²=5000dm 480dm:6,48 m",,PRELABELED,PENDING
IMG_0038_L01,IMG_0038,P_20260903_203737,1,76,1401,134,v1.1,work/crops/IMG_0038_L01.jpg,286.34360696841503,MATH_DOMINANT,"b) 0,2 5m3290,0000 25 cm 32000cm² =0.05000 m",,PRELABELED,PENDING
IMG_0038_L02,IMG_0038,P_20260903_203737,1,160,1401,136,v1.1,work/crops/IMG_0038_L02.jpg,286.34360696841503,TEXT_WITH_CONTEXTUAL_NUMBERS,"c)1,9 dm²190,0 1gm 2650mmi:2,650 cm",,PRELABELED,PENDING
IMG_0039_L00,IMG_0039,P_20260903_203744,29,0,1352,283,v1.1,work/crops/IMG_0039_L00.jpg,225.37801876057497,TEXT_WITH_CONTEXTUAL_NUMBERS,Vây iẩp mảu đảng 23ị tmd,,PRELABELED,PENDING
IMG_0039_L01,IMG_0039,P_20260903_203744,31,229,1359,115,v1.1,work/crops/IMG_0039_L01.jpg,225.37801876057497,TEXT_WITH_CONTEXTUAL_NUMBERS, Hấp màu xanh. 2Sem,,PRELABELED,PENDING
IMG_0040_L00,IMG_0040,P_20260903_203744,28,0,1377,216,v1.1,work/crops/IMG_0040_L00.jpg,238.98592849442775,TEXT_ONLY,rố mếng khược nường llể ngấm gảm,,PRELABELED,PENDING
IMG_0040_L01,IMG_0040,P_20260903_203744,23,156,1487,398,v1.1,work/crops/IMG_0040_L01.jpg,238.98592849442775,TEXT_ONLY,"ea c,ở lí c ả ổ met kBai n",,PRELABELED,PENDING
IMG_0040_L02,IMG_0040,P_20260903_203744,19,499,1436,161,v1.1,work/crops/IMG_0040_L02.jpg,238.98592849442775,TEXT_WITH_CONTEXTUAL_NUMBERS, Đáp số: 204 m.,,PRELABELED,PENDING
IMG_0041_L00,IMG_0041,P_20260903_203746,234,2,1043,81,v1.1,work/crops/IMG_0041_L00.jpg,208.1636699483813,TEXT_WITH_CONTEXTUAL_NUMBERS,H1cn iraHranh caD,,PRELABELED,PENDING
IMG_0041_L01,IMG_0041,P_20260903_203746,662,67,37,25,v1.1,work/crops/IMG_0041_L01.jpg,208.1636699483813,REJECT,,,PRELABELED,PENDING
IMG_0041_L02,IMG_0041,P_20260903_203746,269,82,822,76,v1.1,work/crops/IMG_0041_L02.jpg,208.1636699483813,TEXT_WITH_CONTEXTUAL_NUMBERS,"1 hnt c0,.",,PRELABELED,PENDING
IMG_0041_L03,IMG_0041,P_20260903_203746,745,143,287,33,v1.1,work/crops/IMG_0041_L03.jpg,208.1636699483813,TEXT_ONLY,X,,PRELABELED,PENDING
IMG_0041_L04,IMG_0041,P_20260903_203746,0,163,1296,388,v1.1,work/crops/IMG_0041_L04.jpg,208.1636699483813,TEXT_ONLY,phện ưingtờng chtưa honh,,PRELABELED,PENDING
IMG_0042_L00,IMG_0042,P_20260903_203750,0,0,1302,124,v1.1,work/crops/IMG_0042_L00.jpg,60.49783422957798,TEXT_ONLY,Diện tính được cp gạch men là,,PRELABELED,PENDING
IMG_0042_L01,IMG_0042,P_20260903_203750,0,72,1406,208,v1.1,work/crops/IMG_0042_L01.jpg,60.49783422957798,MATH_DOMINANT,(10t4)=215gápmở) 42 n,,PRELABELED,PENDING
IMG_0043_L00,IMG_0043,P_20260903_203751,58,0,1330,423,v1.1,work/crops/IMG_0043_L00.jpg,153.92411182154467,TEXT_WITH_CONTEXTUAL_NUMBERS,2 ổ ờ P ga Dau Đin cân,,PRELABELED,PENDING
IMG_0043_L01,IMG_0043,P_20260903_203751,0,382,1421,401,v1.1,work/crops/IMG_0043_L01.jpg,153.92411182154467,TEXT_WITH_CONTEXTUAL_NUMBERS,Đện ởĩ 2n phii a hnh kan,,PRELABELED,PENDING
IMG_0043_L02,IMG_0043,P_20260903_203751,3,749,1425,101,v1.1,work/crops/IMG_0043_L02.jpg,153.92411182154467,TEXT_WITH_CONTEXTUAL_NUMBERS, Đap rổ: 5200 em².1,,PRELABELED,PENDING
IMG_0044_L00,IMG_0044,P_20260903_203751,0,0,1447,256,v1.1,work/crops/IMG_0044_L00.jpg,256.5451197367212,TEXT_ONLY,hập chữ nhất làTn cn.,,PRELABELED,PENDING
IMG_0044_L01,IMG_0044,P_20260903_203751,0,251,570,51,v1.1,work/crops/IMG_0044_L01.jpg,256.5451197367212,MATH_DOMINANT,-A1p,,PRELABELED,PENDING
IMG_0044_L02,IMG_0044,P_20260903_203751,165,284,322,33,v1.1,work/crops/IMG_0044_L02.jpg,256.5451197367212,TEXT_WITH_CONTEXTUAL_NUMBERS,1a,,PRELABELED,PENDING
IMG_0044_L03,IMG_0044,P_20260903_203751,66,302,136,35,v1.1,work/crops/IMG_0044_L03.jpg,256.5451197367212,REJECT,,,PRELABELED,PENDING
IMG_0044_L04,IMG_0044,P_20260903_203751,0,321,1480,355,v1.1,work/crops/IMG_0044_L04.jpg,256.5451197367212,TEXT_WITH_CONTEXTUAL_NUMBERS, ni 3 2gBnhinh hập chô,,PRELABELED,PENDING
IMG_0045_L00,IMG_0045,P_20260903_203755,0,0,1285,200,v1.1,work/crops/IMG_0045_L00.jpg,70.94720027125251,MATH_DOMINANT,S2500+2 500Đá5Số (cm)s em.,,PRELABELED,PENDING
IMG_0046_L00,IMG_0046,P_20260903_203755,0,0,1348,205,v1.1,work/crops/IMG_0046_L00.jpg,148.94537542524938,TEXT_ONLY,chi nt là g tanh của hình hộp,,PRELABELED,PENDING
IMG_0046_L01,IMG_0046,P_20260903_203755,0,153,1380,337,v1.1,work/crops/IMG_0046_L01.jpg,148.94537542524938,TEXT_ONLY,Dểnữh Pảể màt đưy a hinh hôn,,PRELABELED,PENDING
IMG_0046_L02,IMG_0046,P_20260903_203755,0,462,1391,84,v1.1,work/crops/IMG_0046_L02.jpg,148.94537542524938,MATH_DOMINANT,35X0 x2=2100(mm/>,,PRELABELED,PENDING
IMG_0046_L03,IMG_0046,P_20260903_203755,0,529,1208,38,v1.1,work/crops/IMG_0046_L03.jpg,148.94537542524938,TEXT_WITH_CONTEXTUAL_NUMBERS,tNN1!,,PRELABELED,PENDING
IMG_0046_L04,IMG_0046,P_20260903_203755,108,553,292,43,v1.1,work/crops/IMG_0046_L04.jpg,148.94537542524938,MATH_DOMINANT,g>?,,PRELABELED,PENDING
IMG_0046_L05,IMG_0046,P_20260903_203755,3,582,143,34,v1.1,work/crops/IMG_0046_L05.jpg,148.94537542524938,REJECT,,,PRELABELED,PENDING
IMG_0046_L06,IMG_0046,P_20260903_203755,110,605,37,26,v1.1,work/crops/IMG_0046_L06.jpg,148.94537542524938,REJECT,,,PRELABELED,PENDING
IMG_0046_L07,IMG_0046,P_20260903_203755,4,633,254,57,v1.1,work/crops/IMG_0046_L07.jpg,148.94537542524938,MATH_DOMINANT,On+,,PRELABELED,PENDING
IMG_0046_L08,IMG_0046,P_20260903_203755,114,678,37,25,v1.1,work/crops/IMG_0046_L08.jpg,148.94537542524938,REJECT,,,PRELABELED,PENDING
IMG_0046_L09,IMG_0046,P_20260903_203755,0,689,1435,234,v1.1,work/crops/IMG_0046_L09.jpg,148.94537542524938,MATH_DOMINANT,h 52500+2100539 S0 S2B m,,PRELABELED,PENDING
IMG_0047_L00,IMG_0047,P_20260903_203755,16,0,1402,236,v1.1,work/crops/IMG_0047_L00.jpg,265.8188860859816,TEXT_ONLY,iệnh t là. xung qanh của hình hộp,,PRELABELED,PENDING
IMG_0047_L01,IMG_0047,P_20260903_203755,15,195,1422,145,v1.1,work/crops/IMG_0047_L01.jpg,265.8188860859816,MATH_DOMINANT,(25+50)x2x25= 375 Co)h,,PRELABELED,PENDING
IMG_0047_L02,IMG_0047,P_20260903_203755,16,303,1229,118,v1.1,work/crops/IMG_0047_L02.jpg,265.8188860859816,TEXT_ONLY, Điên kích hai đay của hình họ,,PRELABELED,PENDING
IMG_0047_L03,IMG_0047,P_20260903_203755,13,379,1485,168,v1.1,work/crops/IMG_0047_L03.jpg,265.8188860859816,TEXT_ONLY,nhật là:,,PRELABELED,PENDING
IMG_0048_L00,IMG_0048,P_20260903_203757,0,0,1268,379,v1.1,work/crops/IMG_0048_L00.jpg,143.42201515651772,TEXT_ONLY,hhingất ểp koản nhiểm a hnh ngn,,PRELABELED,PENDING
IMG_0048_L01,IMG_0048,P_20260903_203757,0,339,1269,99,v1.1,work/crops/IMG_0048_L01.jpg,143.42201515651772,TEXT_WITH_CONTEXTUAL_NUMBERS, Đáp nố: 6250cm,,PRELABELED,PENDING
IMG_0049_L00,IMG_0049,P_20260903_203757,0,0,1300,703,v1.1,work/crops/IMG_0049_L00.jpg,250.42638998717538,TEXT_WITH_CONTEXTUAL_NUMBERS,ảở cc đnih bh man 0,,PRELABELED,PENDING
IMG_0049_L01,IMG_0049,P_20260903_203757,0,626,1300,254,v1.1,work/crops/IMG_0049_L01.jpg,250.42638998717538,MATH_DOMINANT,ch 3250 +210i sảp 30ố:(S3ỏ cmiÝ,,PRELABELED,PENDING
IMG_0050_L00,IMG_0050,P_20260903_203800,17,0,1293,288,v1.1,work/crops/IMG_0050_L00.jpg,154.17075184839888,TEXT_ONLY, Biện tế Bing quanh cua hình bập,,PRELABELED,PENDING
IMG_0050_L01,IMG_0050,P_20260903_203800,15,222,1225,193,v1.1,work/crops/IMG_0050_L01.jpg,154.17075184839888,TEXT_WITH_CONTEXTUAL_NUMBERS,hủ nhàt4)22 x75126(mmm:,,PRELABELED,PENDING
IMG_0051_L00,IMG_0051,P_20260903_203800,17,0,1186,264,v1.1,work/crops/IMG_0051_L00.jpg,73.931719930598,TEXT_ONLY,hnnhấi la cng Huanh a hình hậ,,PRELABELED,PENDING
IMG_0051_L01,IMG_0051,P_20260903_203800,9,223,1059,114,v1.1,work/crops/IMG_0051_L01.jpg,73.931719930598,TEXT_WITH_CONTEXTUAL_NUMBERS, Đáp số: 126cm².,,PRELABELED,PENDING
IMG_0052_L00,IMG_0052,P_20260903_203800,0,0,1269,133,v1.1,work/crops/IMG_0052_L00.jpg,108.74570733400552,TEXT_ONLY,a Bãi giải: nồ cả là,,PRELABELED,PENDING
IMG_0052_L01,IMG_0052,P_20260903_203800,0,91,1197,121,v1.1,work/crops/IMG_0052_L01.jpg,108.74570733400552,TEXT_ONLY,iện tích saung quanh của nhinh,,PRELABELED,PENDING
IMG_0052_L02,IMG_0052,P_20260903_203800,0,178,1310,115,v1.1,work/crops/IMG_0052_L02.jpg,108.74570733400552,TEXT_ONLY,chữa nhật là:,,PRELABELED,PENDING
IMG_0052_L03,IMG_0052,P_20260903_203800,0,250,1310,142,v1.1,work/crops/IMG_0052_L03.jpg,108.74570733400552,MATH_DOMINANT,(2+1x2x1=6 (oan)đ,,PRELABELED,PENDING
IMG_0053_L00,IMG_0053,P_20260903_203802,0,2,1238,260,v1.1,work/crops/IMG_0053_L00.jpg,133.3873782453564,TEXT_ONLY,esiộn ríh dáy của ềnh hập chứ nhật,,PRELABELED,PENDING
IMG_0053_L01,IMG_0053,P_20260903_203802,0,234,1261,351,v1.1,work/crops/IMG_0053_L01.jpg,133.3873782453564,TEXT_ONLY,siển ỉỷ ểnin phạn của hô c la:,,PRELABELED,PENDING
IMG_0054_L00,IMG_0054,P_20260903_203802,0,0,1280,265,v1.1,work/crops/IMG_0054_L00.jpg,177.92538170326827,TEXT_ONLY,""" Biên ich gdung qanh ca hỗ cá la",,PRELABELED,PENDING
IMG_0054_L01,IMG_0054,P_20260903_203802,0,221,1280,227,v1.1,work/crops/IMG_0054_L01.jpg,177.92538170326827,TEXT_ONLY,Điện tích đáy của hồ cg là:,,PRELABELED,PENDING
IMG_0054_L02,IMG_0054,P_20260903_203802,0,371,1280,296,v1.1,work/crops/IMG_0054_L02.jpg,177.92538170326827,TEXT_ONLY,Điện bếbo tô oốnhic ĩào cm ec,,PRELABELED,PENDING
IMG_0055_L00,IMG_0055,P_20260903_203802,0,0,1280,665,v1.1,work/crops/IMG_0055_L00.jpg,187.44610859621775,TEXT_WITH_CONTEXTUAL_NUMBERS,mntỏ ảhnh nh c0,,PRELABELED,PENDING
IMG_0056_L00,IMG_0056,P_20260903_203808,0,0,1394,373,v1.1,work/crops/IMG_0056_L00.jpg,150.7744342396704,TEXT_WITH_CONTEXTUAL_NUMBERS,"1h ện Tình n, ghanh là mật ma",,PRELABELED,PENDING
IMG_0057_L00,IMG_0057,P_20260903_203810,40,0,916,300,v1.1,work/crops/IMG_0057_L00.jpg,233.44102172581805,TEXT_WITH_CONTEXTUAL_NUMBERS,im ana táin2 qunh ca.,,PRELABELED,PENDING
IMG_0058_L00,IMG_0058,P_20260903_203810,0,0,818,119,v1.1,work/crops/IMG_0058_L00.jpg,155.96288993647474,TEXT_ONLY,Điện tích mật mặt là:,,PRELABELED,PENDING
IMG_0058_L01,IMG_0058,P_20260903_203810,0,88,821,99,v1.1,work/crops/IMG_0058_L01.jpg,155.96288993647474,MATH_DOMINANT,12x12=144 (em),,PRELABELED,PENDING
IMG_0058_L02,IMG_0058,P_20260903_203810,0,161,821,182,v1.1,work/crops/IMG_0058_L02.jpg,155.96288993647474,TEXT_ONLY,Siện tích ton nhầmn là:,,PRELABELED,PENDING
IMG_0058_L03,IMG_0058,P_20260903_203810,0,310,821,107,v1.1,work/crops/IMG_0058_L03.jpg,155.96288993647474,TEXT_WITH_CONTEXTUAL_NUMBERS,Đáp số; 864em,,PRELABELED,PENDING
IMG_0059_L00,IMG_0059,P_20260903_203810,0,0,842,109,v1.1,work/crops/IMG_0059_L00.jpg,189.52476252402025,TEXT_WITH_CONTEXTUAL_NUMBERS,2) BBà giảu:,,PRELABELED,PENDING
IMG_0059_L01,IMG_0059,P_20260903_203810,18,73,824,115,v1.1,work/crops/IMG_0059_L01.jpg,189.52476252402025,TEXT_ONLY,Viên tích mật mặt là:,,PRELABELED,PENDING
IMG_0059_L02,IMG_0059,P_20260903_203810,24,158,818,273,v1.1,work/crops/IMG_0059_L02.jpg,189.52476252402025,TEXT_ONLY,miển th g mh la:,,PRELABELED,PENDING
IMG_0059_L03,IMG_0059,P_20260903_203810,26,384,809,120,v1.1,work/crops/IMG_0059_L03.jpg,189.52476252402025,TEXT_WITH_CONTEXTUAL_NUMBERS,Đáp số: 9 e².,,PRELABELED,PENDING
IMG_0060_L00,IMG_0060,P_20260903_203810,43,0,927,197,v1.1,work/crops/IMG_0060_L00.jpg,182.9696050272179,TEXT_ONLY,"Đi, trph ệt mặt, là:",,PRELABELED,PENDING
IMG_0060_L01,IMG_0060,P_20260903_203810,31,149,939,226,v1.1,work/crops/IMG_0060_L01.jpg,182.9696050272179,TEXT_ONLY,Tiện lýh koin nan là,,PRELABELED,PENDING
IMG_0060_L02,IMG_0060,P_20260903_203810,23,325,947,134,v1.1,work/crops/IMG_0060_L02.jpg,182.9696050272179,TEXT_WITH_CONTEXTUAL_NUMBERS,"Đáp số: 73,5 am².",,PRELABELED,PENDING
IMG_0061_L00,IMG_0061,P_20260903_203814,0,0,1355,399,v1.1,work/crops/IMG_0061_L00.jpg,94.69319501247554,TEXT_ONLY,Ca Tpih oả nê a enh eáp nhn,,PRELABELED,PENDING
IMG_0061_L01,IMG_0061,P_20260903_203814,3,356,1352,119,v1.1,work/crops/IMG_0061_L01.jpg,94.69319501247554,TEXT_ONLY,"là:""",,PRELABELED,PENDING
IMG_0061_L02,IMG_0061,P_20260903_203814,9,438,1339,124,v1.1,work/crops/IMG_0061_L02.jpg,94.69319501247554,MATH_DOMINANT,625x6=3750 (ảm),,PRELABELED,PENDING
IMG_0061_L03,IMG_0061,P_20260903_203814,10,507,1345,126,v1.1,work/crops/IMG_0061_L03.jpg,94.69319501247554,TEXT_WITH_CONTEXTUAL_NUMBERS,2Đáp số:3750 em.,,PRELABELED,PENDING
IMG_0062_L00,IMG_0062,P_20260903_203814,0,0,1330,416,v1.1,work/crops/IMG_0062_L00.jpg,107.65503640225124,TEXT_ONLY,Png l à yn a na ep,,PRELABELED,PENDING
IMG_0062_L01,IMG_0062,P_20260903_203814,0,357,1330,324,v1.1,work/crops/IMG_0062_L01.jpg,107.65503640225124,TEXT_WITH_CONTEXTUAL_NUMBERS,những sã 6 1550Scm30mi.,,PRELABELED,PENDING
IMG_0063_L00,IMG_0063,P_20260903_203816,4,19,1124,139,v1.1,work/crops/IMG_0063_L00.jpg,123.69941602779355,TEXT_ONLY,ĐDiện tích một mặt của hình lập ph,,PRELABELED,PENDING
IMG_0063_L01,IMG_0063,P_20260903_203816,9,117,1202,93,v1.1,work/crops/IMG_0063_L01.jpg,123.69941602779355,TEXT_ONLY,là:,,PRELABELED,PENDING
IMG_0063_L02,IMG_0063,P_20260903_203816,10,197,1211,196,v1.1,work/crops/IMG_0063_L02.jpg,123.69941602779355,TEXT_ONLY,Điển tch tooăn phân của hình lập,,PRELABELED,PENDING
IMG_0063_L03,IMG_0063,P_20260903_203816,11,328,1218,198,v1.1,work/crops/IMG_0063_L03.jpg,123.69941602779355,MATH_DOMINANT,phường là:6=5400Cm),,PRELABELED,PENDING
IMG_0063_L04,IMG_0063,P_20260903_203816,14,488,1182,107,v1.1,work/crops/IMG_0063_L04.jpg,123.69941602779355,TEXT_WITH_CONTEXTUAL_NUMBERS,Đắp số: S400 cm²,,PRELABELED,PENDING
IMG_0064_L00,IMG_0064,P_20260903_203816,16,0,1256,511,v1.1,work/crops/IMG_0064_L00.jpg,218.83971862415973,TEXT_WITH_CONTEXTUAL_NUMBERS,a. tể ệt .àu 0a1o,,PRELABELED,PENDING
IMG_0064_L01,IMG_0064,P_20260903_203816,18,451,1190,153,v1.1,work/crops/IMG_0064_L01.jpg,218.83971862415973,TEXT_WITH_CONTEXTUAL_NUMBERS, Bxp số: 600em.,,PRELABELED,PENDING
IMG_0065_L00,IMG_0065,P_20260903_203820,15,0,1312,274,v1.1,work/crops/IMG_0065_L00.jpg,193.87011528839744,TEXT_ONLY,Ch tc nồnhh chữ nhất là,,PRELABELED,PENDING
IMG_0066_L00,IMG_0066,P_20260903_203820,1,0,1379,207,v1.1,work/crops/IMG_0066_L00.jpg,177.03274613896534,TEXT_ONLY,Thế tích ga lể cáchà;,,PRELABELED,PENDING
IMG_0066_L01,IMG_0066,P_20260903_203820,0,158,1380,153,v1.1,work/crops/IMG_0066_L01.jpg,177.03274613896534,TEXT_WITH_CONTEXTUAL_NUMBERS, Đắp số 480 dm.,,PRELABELED,PENDING
IMG_0067_L00,IMG_0067,P_20260903_203823,0,0,1141,185,v1.1,work/crops/IMG_0067_L00.jpg,189.32803037269795,TEXT_WITH_CONTEXTUAL_NUMBERS,Thểx kích 3akhối gố A là:,,PRELABELED,PENDING
IMG_0067_L01,IMG_0067,P_20260903_203823,0,135,1141,381,v1.1,work/crops/IMG_0067_L01.jpg,189.32803037269795,TEXT_ONLY,"Chỗ, tp lĩc Ti ố cha xâu e",,PRELABELED,PENDING
IMG_0067_L02,IMG_0067,P_20260903_203823,0,472,1141,113,v1.1,work/crops/IMG_0067_L02.jpg,189.32803037269795,TEXT_WITH_CONTEXTUAL_NUMBERS, Đáp ố:170,,PRELABELED,PENDING
IMG_0068_L00,IMG_0068,P_20260903_203823,6,0,1220,467,v1.1,work/crops/IMG_0068_L00.jpg,152.35198583463568,TEXT_WITH_CONTEXTUAL_NUMBERS,ch tp đa gi để iền đ 0,,PRELABELED,PENDING
IMG_0069_L00,IMG_0069,P_20260903_203826,42,0,1314,119,v1.1,work/crops/IMG_0069_L00.jpg,83.20249105919466,TEXT_WITH_CONTEXTUAL_NUMBERS,24ờ s180560Cm).,,PRELABELED,PENDING
IMG_0069_L01,IMG_0069,P_20260903_203826,32,80,1324,118,v1.1,work/crops/IMG_0069_L01.jpg,83.20249105919466,TEXT_WITH_CONTEXTUAL_NUMBERS, Đáp số. 60 cm..,,PRELABELED,PENDING
IMG_0070_L00,IMG_0070,P_20260903_203826,0,0,1330,131,v1.1,work/crops/IMG_0070_L00.jpg,250.49157093755278,TEXT_ONLY,ai Thể tích của chiếc bánh đó là:,,PRELABELED,PENDING
IMG_0070_L01,IMG_0070,P_20260903_203826,0,86,1233,109,v1.1,work/crops/IMG_0070_L01.jpg,250.49157093755278,MATH_DOMINANT,12x12x6=86(m),,PRELABELED,PENDING
IMG_0070_L02,IMG_0070,P_20260903_203826,0,160,1238,203,v1.1,work/crops/IMG_0070_L02.jpg,250.49157093755278,TEXT_WITH_CONTEXTUAL_NUMBERS,b Ch² tích của mống bánh bị cắt là:,,PRELABELED,PENDING
IMG_0070_L03,IMG_0070,P_20260903_203826,28,330,1302,208,v1.1,work/crops/IMG_0070_L03.jpg,250.49157093755278,TEXT_ONLY,Chể tích của phiần bánh cn lại là:,,PRELABELED,PENDING
IMG_0070_L04,IMG_0070,P_20260903_203826,148,499,1182,135,v1.1,work/crops/IMG_0070_L04.jpg,250.49157093755278,TEXT_WITH_CONTEXTUAL_NUMBERS,"Đáp số a,864cm",,PRELABELED,PENDING
IMG_0070_L05,IMG_0070,P_20260903_203826,292,601,958,106,v1.1,work/crops/IMG_0070_L05.jpg,250.49157093755278,TEXT_WITH_CONTEXTUAL_NUMBERS,b) 648 cm,,PRELABELED,PENDING
IMG_0071_L00,IMG_0071,P_20260903_203828,32,0,1263,113,v1.1,work/crops/IMG_0071_L00.jpg,138.6414680173298,MATH_DOMINANT,Thể tich của khôi r- bích đó là:,,PRELABELED,PENDING
IMG_0071_L01,IMG_0071,P_20260903_203828,34,82,1242,107,v1.1,work/crops/IMG_0071_L01.jpg,138.6414680173298,MATH_DOMINANT,6x6x6=216 (cm),,PRELABELED,PENDING
IMG_0071_L02,IMG_0071,P_20260903_203828,34,157,1265,102,v1.1,work/crops/IMG_0071_L02.jpg,138.6414680173298,TEXT_WITH_CONTEXTUAL_NUMBERS, Đốp rố: 216 cm²,,PRELABELED,PENDING
IMG_0072_L00,IMG_0072,P_20260903_203828,36,0,1278,272,v1.1,work/crops/IMG_0072_L00.jpg,160.5300452408831,TEXT_ONLY,thưcp h ca thữ n khư âu,,PRELABELED,PENDING
IMG_0072_L01,IMG_0072,P_20260903_203828,40,229,1279,159,v1.1,work/crops/IMG_0072_L01.jpg,160.5300452408831,TEXT_ONLY,Chể tích của hành lập phương chứa,,PRELABELED,PENDING
IMG_0072_L02,IMG_0072,P_20260903_203828,28,339,1301,219,v1.1,work/crops/IMG_0072_L02.jpg,160.5300452408831,TEXT_WITH_CONTEXTUAL_NUMBERS,"nước l5,15x15I33 B5 Cen) h dâu ă",,PRELABELED,PENDING
IMG_0072_L03,IMG_0072,P_20260903_203828,0,547,1338,166,v1.1,work/crops/IMG_0072_L03.jpg,160.5300452408831,TEXT_ONLY,là: h  ,,PRELABELED,PENDING
IMG_0072_L04,IMG_0072,P_20260903_203828,0,661,1360,314,v1.1,work/crops/IMG_0072_L04.jpg,160.5300452408831,TEXT_ONLY,nhkha lnh lấn nhương chứa,,PRELABELED,PENDING
IMG_0073_L00,IMG_0073,P_20260903_203832,19,0,1212,341,v1.1,work/crops/IMG_0073_L00.jpg,136.94167947807225,TEXT_WITH_CONTEXTUAL_NUMBERS,4. ChTh đim g ấn bon d la ae,,PRELABELED,PENDING
IMG_0073_L01,IMG_0073,P_20260903_203832,10,262,1239,258,v1.1,work/crops/IMG_0073_L01.jpg,136.94167947807225,TEXT_ONLY, h Ting thổ p ảo hinh hận chữể,,PRELABELED,PENDING
IMG_0073_L02,IMG_0073,P_20260903_203832,3,472,1253,211,v1.1,work/crops/IMG_0073_L02.jpg,136.94167947807225,MATH_DOMINANT,nhật l. 8=12 (dmơ3 hập ?m,,PRELABELED,PENDING
IMG_0073_L03,IMG_0073,P_20260903_203832,0,680,1263,123,v1.1,work/crops/IMG_0073_L03.jpg,136.94167947807225,TEXT_WITH_CONTEXTUAL_NUMBERS, b)12 Bẩp,,PRELABELED,PENDING
IMG_0074_L00,IMG_0074,P_20260903_203832,0,0,1283,202,v1.1,work/crops/IMG_0074_L00.jpg,184.26223357113648,TEXT_ONLY,Chể tích ưa chiếc hộp đó là:,,PRELABELED,PENDING
IMG_0074_L01,IMG_0074,P_20260903_203832,65,165,1225,125,v1.1,work/crops/IMG_0074_L01.jpg,184.26223357113648,TEXT_WITH_CONTEXTUAL_NUMBERS, Đáp số: 54cm².,,PRELABELED,PENDING
IMG_0075_L00,IMG_0075,P_20260903_203832,0,0,1301,209,v1.1,work/crops/IMG_0075_L00.jpg,226.14628804118723,TEXT_ONLY,nhtiê tích bung quanh của kình hôp chi,,PRELABELED,PENDING
IMG_0075_L01,IMG_0075,P_20260903_203832,47,185,1258,113,v1.1,work/crops/IMG_0075_L01.jpg,226.14628804118723,MATH_DOMINANT,(25720)x10 x10=. 4500 (cm),,PRELABELED,PENDING
IMG_0076_L00,IMG_0076,P_20260903_203834,1,0,1223,122,v1.1,work/crops/IMG_0076_L00.jpg,139.52195146533373,TEXT_ONLY,"a Thể tích, Siên đich  của hình lập phi",,PRELABELED,PENDING
IMG_0076_L01,IMG_0076,P_20260903_203834,0,79,1289,125,v1.1,work/crops/IMG_0076_L01.jpg,139.52195146533373,TEXT_ONLY,là:g,,PRELABELED,PENDING
IMG_0076_L02,IMG_0076,P_20260903_203834,1,170,1150,106,v1.1,work/crops/IMG_0076_L02.jpg,139.52195146533373,MATH_DOMINANT,25x25=6.25(dm²)h,,PRELABELED,PENDING
IMG_0076_L03,IMG_0076,P_20260903_203834,1,243,1278,120,v1.1,work/crops/IMG_0076_L03.jpg,139.52195146533373,TEXT_ONLY,Siện tích nhưa cứng mà chú cần dúng đế,,PRELABELED,PENDING
IMG_0076_L04,IMG_0076,P_20260903_203834,0,330,1240,204,v1.1,work/crops/IMG_0076_L04.jpg,139.52195146533373,TEXT_WITH_CONTEXTUAL_NUMBERS,"làm chiếc hộp đơ là m2,",,PRELABELED,PENDING
IMG_0076_L05,IMG_0076,P_20260903_203834,0,501,1247,132,v1.1,work/crops/IMG_0076_L05.jpg,139.52195146533373,TEXT_WITH_CONTEXTUAL_NUMBERS," Đáp số: 37,5tdm?6",,PRELABELED,PENDING
IMG_0077_L00,IMG_0077,P_20260903_203834,0,0,1328,213,v1.1,work/crops/IMG_0077_L00.jpg,159.89895597081906,TEXT_ONLY,nhậtể tich của khối gố dạng hình chữ,,PRELABELED,PENDING
IMG_0077_L01,IMG_0077,P_20260903_203834,0,166,1328,247,v1.1,work/crops/IMG_0077_L01.jpg,159.89895597081906,TEXT_ONLY,Chể ch ca Ph gỗ bi cắt dang hình,,PRELABELED,PENDING
IMG_0077_L02,IMG_0077,P_20260903_203834,0,337,1328,239,v1.1,work/crops/IMG_0077_L02.jpg,159.89895597081906,TEXT_ONLY,ận phương là s cm)s,,PRELABELED,PENDING
IMG_0077_L03,IMG_0077,P_20260903_203834,0,504,1328,266,v1.1,work/crops/IMG_0077_L03.jpg,159.89895597081906,TEXT_ONLY," Chể tích sửa khỗi, gồ dung lan ghế là:",,PRELABELED,PENDING
IMG_0078_L00,IMG_0078,P_20260903_203838,50,0,1247,107,v1.1,work/crops/IMG_0078_L00.jpg,219.81404950993598,TEXT_WITH_CONTEXTUAL_NUMBERS,2. Số?g0,,PRELABELED,PENDING
IMG_0078_L01,IMG_0078,P_20260903_203838,36,61,1272,288,v1.1,work/crops/IMG_0078_L01.jpg,219.81404950993598,MATH_DOMINANT,2 2 hấy.T52 ph-2?nhú t,,PRELABELED,PENDING
IMG_0078_L02,IMG_0078,P_20260903_203838,30,310,1283,184,v1.1,work/crops/IMG_0078_L02.jpg,219.81404950993598,MATH_DOMINANT,"b) 1 giờ 15 phút -55 giờ : 1, 25 gừờ.t",,PRELABELED,PENDING
IMG_0078_L03,IMG_0078,P_20260903_203838,17,468,1303,245,v1.1,work/crops/IMG_0078_L03.jpg,219.81404950993598,MATH_DOMINANT,"2²phhút 2 giấy -52 -,5 phút) toa",,PRELABELED,PENDING
IMG_0079_L00,IMG_0079,P_20260903_203838,0,0,1339,202,v1.1,work/crops/IMG_0079_L00.jpg,232.13890952520964,MATH_DOMINANT,a 1 giờ =30 phút 3 phút=,,PRELABELED,PENDING
IMG_0080_L00,IMG_0080,P_20260903_203840,19,0,1268,369,v1.1,work/crops/IMG_0080_L00.jpg,95.53580351447827,TEXT_ONLY, gn ỗ hiử t,,PRELABELED,PENDING
IMG_0081_L00,IMG_0081,P_20260903_203840,30,0,1300,335,v1.1,work/crops/IMG_0081_L00.jpg,82.30805137961124,TEXT_WITH_CONTEXTUAL_NUMBERS,"  iờ 2 nhiế , hh 1gniền",,PRELABELED,PENDING
IMG_0084_L00,IMG_0084,P_20260903_203844,215,0,787,81,v1.1,work/crops/IMG_0084_L00.jpg,176.77992354029593,TEXT_WITH_CONTEXTUAL_NUMBERS,tti1n5,,PRELABELED,PENDING
IMG_0084_L01,IMG_0084,P_20260903_203844,50,46,1211,140,v1.1,work/crops/IMG_0084_L01.jpg,176.77992354029593,TEXT_WITH_CONTEXTUAL_NUMBERS,Dậy: 2 phút 40 giay t1phút 20 giấy nhi,,PRELABELED,PENDING
IMG_0085_L00,IMG_0085,P_20260903_203844,48,0,1260,212,v1.1,work/crops/IMG_0085_L00.jpg,301.25135529237224,MATH_DOMINANT,-10 pht 13 giây -11giờ30 phút,,PRELABELED,PENDING
IMG_0085_L01,IMG_0085,P_20260903_203844,48,197,1125,94,v1.1,work/crops/IMG_0085_L01.jpg,301.25135529237224,TEXT_WITH_CONTEXTUAL_NUMBERS,8 phưt 15 giấy 4gi8 0 ph,,PRELABELED,PENDING
IMG_0086_L00,IMG_0086,P_20260903_203844,46,0,1262,347,v1.1,work/crops/IMG_0086_L00.jpg,502.8255638709148,TEXT_WITH_CONTEXTUAL_NUMBERS,nối gg3  ồpsốnh,,PRELABELED,PENDING
IMG_0086_L01,IMG_0086,P_20260903_203844,39,250,1269,246,v1.1,work/crops/IMG_0086_L01.jpg,502.8255638709148,TEXT_WITH_CONTEXTUAL_NUMBERS,2pht,,PRELABELED,PENDING
IMG_0086_L02,IMG_0086,P_20260903_203844,41,428,1228,224,v1.1,work/crops/IMG_0086_L02.jpg,502.8255638709148,TEXT_WITH_CONTEXTUAL_NUMBERS,ợ phút 20 giây5 phứ ao giây?),,PRELABELED,PENDING
IMG_0086_L03,IMG_0086,P_20260903_203844,41,592,1267,321,v1.1,work/crops/IMG_0086_L03.jpg,502.8255638709148,TEXT_ONLY," phủl gửảy Dnha nyuy "" nhú",,PRELABELED,PENDING
IMG_0087_L00,IMG_0087,P_20260903_203847,0,0,1245,371,v1.1,work/crops/IMG_0087_L00.jpg,97.9536039984407,TEXT_WITH_CONTEXTUAL_NUMBERS,"My nều 2 ,ph c n han",,PRELABELED,PENDING
IMG_0088_L00,IMG_0088,P_20260903_203847,0,0,1238,416,v1.1,work/crops/IMG_0088_L00.jpg,234.33356968183062,TEXT_WITH_CONTEXTUAL_NUMBERS,2 T 2 Phi 3nhua  nâ,,PRELABELED,PENDING
IMG_0088_L01,IMG_0088,P_20260903_203847,0,332,1251,238,v1.1,work/crops/IMG_0088_L01.jpg,234.33356968183062,TEXT_WITH_CONTEXTUAL_NUMBERS,22 phít 30 giấy,,PRELABELED,PENDING
IMG_0088_L02,IMG_0088,P_20260903_203847,0,511,1251,379,v1.1,work/crops/IMG_0088_L02.jpg,234.33356968183062,TEXT_WITH_CONTEXTUAL_NUMBERS,Vìn 1ờhhn2 3ný 2 2nhha 30 nêu ga,,PRELABELED,PENDING
IMG_0088_L03,IMG_0088,P_20260903_203847,0,861,1200,199,v1.1,work/crops/IMG_0088_L03.jpg,234.33356968183062,TEXT_WITH_CONTEXTUAL_NUMBERS,Và6 giợ 60 phưr (ôo phúl 1 Hgoờ),,PRELABELED,PENDING
IMG_0090_L00,IMG_0090,P_20260903_203850,36,0,1292,77,v1.1,work/crops/IMG_0090_L00.jpg,66.5997962229196,REJECT, ,,PRELABELED,PENDING
IMG_0090_L01,IMG_0090,P_20260903_203850,25,47,1394,378,v1.1,work/crops/IMG_0090_L01.jpg,66.5997962229196,TEXT_WITH_CONTEXTUAL_NUMBERS,bở° nhu30 gâyt5 phut tiân,,PRELABELED,PENDING
IMG_0091_L00,IMG_0091,P_20260903_203850,22,0,1325,142,v1.1,work/crops/IMG_0091_L00.jpg,101.51706661345882,TEXT_WITH_CONTEXTUAL_NUMBERS,1Đgiờ 0 giây8,,PRELABELED,PENDING
IMG_0091_L01,IMG_0091,P_20260903_203850,20,114,1408,244,v1.1,work/crops/IMG_0091_L01.jpg,101.51706661345882,TEXT_WITH_CONTEXTUAL_NUMBERS,2 9iờ5Dgiy giấy 2T qiây,,PRELABELED,PENDING
IMG_0092_L00,IMG_0092,P_20260903_203852,61,0,1233,327,v1.1,work/crops/IMG_0092_L00.jpg,87.01226616245555,TEXT_WITH_CONTEXTUAL_NUMBERS,223 0 nhữD phức 20 gây,,PRELABELED,PENDING
IMG_0092_L01,IMG_0092,P_20260903_203852,55,309,719,107,v1.1,work/crops/IMG_0092_L01.jpg,87.01226616245555,TEXT_WITH_CONTEXTUAL_NUMBERS,Bi 8 giờ 2D phú Dậệy:,,PRELABELED,PENDING
IMG_0092_L02,IMG_0092,P_20260903_203852,50,399,455,96,v1.1,work/crops/IMG_0092_L02.jpg,87.01226616245555,MATH_DOMINANT,0,,PRELABELED,PENDING
IMG_0092_L03,IMG_0092,P_20260903_203852,44,472,1214,144,v1.1,work/crops/IMG_0092_L03.jpg,87.01226616245555,TEXT_WITH_CONTEXTUAL_NUMBERS,20 phút  phút,,PRELABELED,PENDING
IMG_0092_L04,IMG_0092,P_20260903_203852,38,583,1220,68,v1.1,work/crops/IMG_0092_L04.jpg,87.01226616245555,TEXT_WITH_CONTEXTUAL_NUMBERS,Igậ 9,,PRELABELED,PENDING
IMG_0093_L00,IMG_0093,P_20260903_203852,4,0,1253,125,v1.1,work/crops/IMG_0093_L00.jpg,139.20602924693708,MATH_DOMINANT,5/phút 30 ghút 10,,PRELABELED,PENDING
IMG_0093_L01,IMG_0093,P_20260903_203852,764,111,489,54,v1.1,work/crops/IMG_0093_L01.jpg,139.20602924693708,REJECT,,,PRELABELED,PENDING
IMG_0093_L02,IMG_0093,P_20260903_203852,0,146,1251,118,v1.1,work/crops/IMG_0093_L02.jpg,139.20602924693708,TEXT_WITH_CONTEXTUAL_NUMBERS,90gây phit giây,,PRELABELED,PENDING
IMG_0093_L03,IMG_0093,P_20260903_203852,111,259,37,25,v1.1,work/crops/IMG_0093_L03.jpg,139.20602924693708,REJECT,,,PRELABELED,PENDING
IMG_0093_L04,IMG_0093,P_20260903_203852,16,268,1156,66,v1.1,work/crops/IMG_0093_L04.jpg,139.20602924693708,TEXT_WITH_CONTEXTUAL_NUMBERS,D0,,PRELABELED,PENDING
IMG_0094_L00,IMG_0094,P_20260903_203852,0,0,1188,240,v1.1,work/crops/IMG_0094_L00.jpg,171.99864067641303,TEXT_WITH_CONTEXTUAL_NUMBERS,bt hết  thi gảh là bốt lam 2 hon,,PRELABELED,PENDING
IMG_0094_L01,IMG_0094,P_20260903_203852,0,160,1213,493,v1.1,work/crops/IMG_0094_L01.jpg,171.99864067641303,TEXT_WITH_CONTEXTUAL_NUMBERS,0 t n cể ệ cà cngà pmg l ,,PRELABELED,PENDING
IMG_0095_L00,IMG_0095,P_20260903_203856,33,0,1472,175,v1.1,work/crops/IMG_0095_L00.jpg,103.78623866964246,TEXT_ONLY,thời gian là:,,PRELABELED,PENDING
IMG_0095_L01,IMG_0095,P_20260903_203856,31,157,1153,77,v1.1,work/crops/IMG_0095_L01.jpg,103.78623866964246,TEXT_WITH_CONTEXTUAL_NUMBERS,(2HU 10Nhse t1a 5nlt,,PRELABELED,PENDING
IMG_0095_L02,IMG_0095,P_20260903_203856,33,217,1286,249,v1.1,work/crops/IMG_0095_L02.jpg,103.78623866964246,TEXT_WITH_CONTEXTUAL_NUMBERS,"1 gờ phữ sáp,ooshc:",,PRELABELED,PENDING
IMG_0096_L00,IMG_0096,P_20260903_203856,32,0,1344,54,v1.1,work/crops/IMG_0096_L00.jpg,303.83250457618624,MATH_DOMINANT,-.=HA1IH H,,PRELABELED,PENDING
IMG_0096_L01,IMG_0096,P_20260903_203856,35,39,820,71,v1.1,work/crops/IMG_0096_L01.jpg,303.83250457618624,TEXT_ONLY,CEmưeAg lạim mot,,PRELABELED,PENDING
IMG_0096_L02,IMG_0096,P_20260903_203856,33,100,654,40,v1.1,work/crops/IMG_0096_L02.jpg,303.83250457618624,REJECT,,,PRELABELED,PENDING
IMG_0096_L03,IMG_0096,P_20260903_203856,33,130,556,98,v1.1,work/crops/IMG_0096_L03.jpg,303.83250457618624,MATH_DOMINANT,18y: 2=,,PRELABELED,PENDING
IMG_0096_L04,IMG_0096,P_20260903_203856,249,220,37,28,v1.1,work/crops/IMG_0096_L04.jpg,303.83250457618624,REJECT,,,PRELABELED,PENDING
IMG_0096_L05,IMG_0096,P_20260903_203856,34,243,354,36,v1.1,work/crops/IMG_0096_L05.jpg,303.83250457618624,TEXT_ONLY,NT,,PRELABELED,PENDING
IMG_0096_L06,IMG_0096,P_20260903_203856,22,286,1218,33,v1.1,work/crops/IMG_0096_L06.jpg,303.83250457618624,REJECT,,,PRELABELED,PENDING
IMG_0097_L00,IMG_0097,P_20260903_203900,315,0,37,20,v1.1,work/crops/IMG_0097_L00.jpg,66.9793015338856,REJECT,,,PRELABELED,PENDING
IMG_0097_L01,IMG_0097,P_20260903_203900,0,8,695,54,v1.1,work/crops/IMG_0097_L01.jpg,66.9793015338856,TEXT_ONLY,a,,PRELABELED,PENDING
IMG_0097_L02,IMG_0097,P_20260903_203900,0,37,1208,91,v1.1,work/crops/IMG_0097_L02.jpg,66.9793015338856,MATH_DOMINANT,500:100=5(m/giậyy),,PRELABELED,PENDING
IMG_0097_L03,IMG_0097,P_20260903_203900,0,109,1210,72,v1.1,work/crops/IMG_0097_L03.jpg,66.9793015338856,TEXT_ONLY,fán Ná pI,,PRELABELED,PENDING
IMG_0097_L04,IMG_0097,P_20260903_203900,0,167,1211,43,v1.1,work/crops/IMG_0097_L04.jpg,66.9793015338856,MATH_DOMINANT, ĐMy03)m d/dl ,,PRELABELED,PENDING
IMG_0097_L05,IMG_0097,P_20260903_203900,0,194,1213,42,v1.1,work/crops/IMG_0097_L05.jpg,66.9793015338856,TEXT_WITH_CONTEXTUAL_NUMBERS,1eDhTnT,,PRELABELED,PENDING
IMG_0098_L00,IMG_0098,P_20260903_203900,0,0,1210,278,v1.1,work/crops/IMG_0098_L00.jpg,253.60428399701533,TEXT_WITH_CONTEXTUAL_NUMBERS,B. 3 Ệu 32gi gày vàn tc,,PRELABELED,PENDING
IMG_0098_L01,IMG_0098,P_20260903_203900,0,231,1193,129,v1.1,work/crops/IMG_0098_L01.jpg,253.60428399701533,TEXT_ONLY,của đà điểu là,,PRELABELED,PENDING
IMG_0098_L02,IMG_0098,P_20260903_203900,0,321,1207,195,v1.1,work/crops/IMG_0098_L02.jpg,253.60428399701533,MATH_DOMINANT,52501005/35c m/giây glâyg,,PRELABELED,PENDING
IMG_0099_L00,IMG_0099,P_20260903_203900,0,0,1260,532,v1.1,work/crops/IMG_0099_L00.jpg,219.65439113820736,TEXT_WITH_CONTEXTUAL_NUMBERS,in Bh 2i 3 ả  c ,,PRELABELED,PENDING
IMG_0100_L00,IMG_0100,P_20260903_203905,34,0,928,191,v1.1,work/crops/IMG_0100_L00.jpg,105.92082940005582,MATH_DOMINANT,15:012=30 Chm guời ơ.,,PRELABELED,PENDING
IMG_0100_L01,IMG_0100,P_20260903_203905,34,171,779,49,v1.1,work/crops/IMG_0100_L01.jpg,105.92082940005582,TEXT_ONLY,e,,PRELABELED,PENDING
IMG_0101_L00,IMG_0101,P_20260903_203905,16,0,1380,326,v1.1,work/crops/IMG_0101_L00.jpg,238.80048959904832,TEXT_ONLY,tang Byiacm ,,PRELABELED,PENDING
IMG_0101_L01,IMG_0101,P_20260903_203905,6,234,1355,314,v1.1,work/crops/IMG_0101_L01.jpg,238.80048959904832,TEXT_ONLY,Vy th chì ất cớ chể bay được hơn,,PRELABELED,PENDING
IMG_0102_L00,IMG_0102,P_20260903_203905,0,0,1396,411,v1.1,work/crops/IMG_0102_L00.jpg,277.13632984500543,TEXT_WITH_CONTEXTUAL_NUMBERS, t 2h ng tưang v qu dàu ea,,PRELABELED,PENDING
IMG_0103_L00,IMG_0103,P_20260903_203907,0,0,1218,441,v1.1,work/crops/IMG_0103_L00.jpg,258.99955780999784,TEXT_ONLY,ố hin đn ốntha ,,PRELABELED,PENDING
IMG_0104_L00,IMG_0104,P_20260903_203907,0,0,1327,258,v1.1,work/crops/IMG_0104_L00.jpg,317.2226244330378,TEXT_ONLY,thành nhớ Blàiiếc thuyền xu dòng đến,,PRELABELED,PENDING
IMG_0104_L01,IMG_0104,P_20260903_203907,0,156,1327,390,v1.1,work/crops/IMG_0104_L01.jpg,317.2226244330378,TEXT_WITH_CONTEXTUAL_NUMBERS,nhố Bn gng cếni luề2 u eư nhành,,PRELABELED,PENDING
IMG_0105_L00,IMG_0105,P_20260903_203910,12,0,1131,253,v1.1,work/crops/IMG_0105_L00.jpg,202.603472419704,TEXT_ONLY,"CChời gian, nề giờ hơn khi qan",,PRELABELED,PENDING
IMG_0105_L01,IMG_0105,P_20260903_203910,8,197,1286,124,v1.1,work/crops/IMG_0105_L01.jpg,202.603472419704,TEXT_WITH_CONTEXTUAL_NUMBERS, Đáp Bố: 0giờ.:,,PRELABELED,PENDING
IMG_0106_L00,IMG_0106,P_20260903_203910,0,0,1312,114,v1.1,work/crops/IMG_0106_L00.jpg,171.5468087085425,TEXT_ONLY,Quẳng đường củd con làu đo là:,,PRELABELED,PENDING
IMG_0106_L01,IMG_0106,P_20260903_203910,0,72,1241,117,v1.1,work/crops/IMG_0106_L01.jpg,171.5468087085425,MATH_DOMINANT,200o x12=42000D (kem)!,,PRELABELED,PENDING
IMG_0106_L02,IMG_0106,P_20260903_203910,0,142,1324,147,v1.1,work/crops/IMG_0106_L02.jpg,171.5468087085425,TEXT_WITH_CONTEXTUAL_NUMBERS,3000 Đáp số: 420000 km.!,,PRELABELED,PENDING
IMG_0107_L00,IMG_0107,P_20260903_203910,0,0,1372,224,v1.1,work/crops/IMG_0107_L00.jpg,191.30727864268258,MATH_DOMINANT,+enhời gin doàn lau hoả ri ga A về,,PRELABELED,PENDING
IMG_0107_L01,IMG_0107,P_20260903_203910,0,130,1372,524,v1.1,work/crops/IMG_0107_L01.jpg,191.30727864268258,TEXT_WITH_CONTEXTUAL_NUMBERS,Áìng ồn h  ip3n Tna n cp,,PRELABELED,PENDING
IMG_0108_L00,IMG_0108,P_20260903_203912,46,0,1363,336,v1.1,work/crops/IMG_0108_L00.jpg,282.61082176033216,TEXT_WITH_CONTEXTUAL_NUMBERS, 1  ãẽ h,,PRELABELED,PENDING
IMG_0108_L01,IMG_0108,P_20260903_203912,0,253,1409,605,v1.1,work/crops/IMG_0108_L01.jpg,282.61082176033216,TEXT_ONLY,i tngởgua,,PRELABELED,PENDING
IMG_0109_L00,IMG_0109,P_20260903_203916,61,0,1279,415,v1.1,work/crops/IMG_0109_L00.jpg,74.59760621641249,TEXT_ONLY,G gihn tn Tng thư ha hc,,PRELABELED,PENDING
IMG_0109_L01,IMG_0109,P_20260903_203916,310,402,120,30,v1.1,work/crops/IMG_0109_L01.jpg,74.59760621641249,REJECT,,,PRELABELED,PENDING
IMG_0109_L02,IMG_0109,P_20260903_203916,61,423,286,34,v1.1,work/crops/IMG_0109_L02.jpg,74.59760621641249,TEXT_WITH_CONTEXTUAL_NUMBERS,K0.,,PRELABELED,PENDING
IMG_0109_L03,IMG_0109,P_20260903_203916,59,448,45,35,v1.1,work/crops/IMG_0109_L03.jpg,74.59760621641249,REJECT,,,PRELABELED,PENDING
IMG_0109_L04,IMG_0109,P_20260903_203916,59,466,41,34,v1.1,work/crops/IMG_0109_L04.jpg,74.59760621641249,REJECT,,,PRELABELED,PENDING
IMG_0109_L05,IMG_0109,P_20260903_203916,60,491,38,25,v1.1,work/crops/IMG_0109_L05.jpg,74.59760621641249,REJECT,,,PRELABELED,PENDING
IMG_0109_L06,IMG_0109,P_20260903_203916,56,555,41,33,v1.1,work/crops/IMG_0109_L06.jpg,74.59760621641249,REJECT,,,PRELABELED,PENDING
IMG_0109_L07,IMG_0109,P_20260903_203916,0,600,1136,47,v1.1,work/crops/IMG_0109_L07.jpg,74.59760621641249,TEXT_ONLY,KVA,,PRELABELED,PENDING
IMG_0110_L00,IMG_0110,P_20260903_203916,22,0,1410,380,v1.1,work/crops/IMG_0110_L00.jpg,173.35304858861994,MATH_DOMINANT, thiệ ĩ0g 2o nhả-0 g vnhg,,PRELABELED,PENDING
IMG_0110_L01,IMG_0110,P_20260903_203916,0,337,1440,451,v1.1,work/crops/IMG_0110_L01.jpg,173.35304858861994,TEXT_WITH_CONTEXTUAL_NUMBERS,B 3niã  g ịn 2õệp  20 G,,PRELABELED,PENDING
IMG_0111_L00,IMG_0111,P_20260903_203918,0,2,1258,159,v1.1,work/crops/IMG_0111_L00.jpg,130.24770284309415,MATH_DOMINANT,"Đổi: 35 ngày, =5 tuần: 19tuần",,PRELABELED,PENDING
IMG_0111_L01,IMG_0111,P_20260903_203918,33,92,1236,280,v1.1,work/crops/IMG_0111_L01.jpg,130.24770284309415,TEXT_ONLY,ìnắm tthằngt râm),,PRELABELED,PENDING
IMG_0111_L02,IMG_0111,P_20260903_203918,0,322,1277,153,v1.1,work/crops/IMG_0111_L02.jpg,130.24770284309415,MATH_DOMINANT,9 nàm 4 tháng: 8=1 năm 2 tháng é,,PRELABELED,PENDING
IMG_0112_L00,IMG_0112,P_20260903_203918,7,0,1292,203,v1.1,work/crops/IMG_0112_L00.jpg,142.15836156082284,TEXT_ONLY,uậng ương thiếc tau tã đi là:,,PRELABELED,PENDING
IMG_0112_L01,IMG_0112,P_20260903_203918,68,161,1222,118,v1.1,work/crops/IMG_0112_L01.jpg,142.15836156082284,MATH_DOMINANT,Càu côn cách rổ ki- lô-mét là,,PRELABELED,PENDING
IMG_0112_L02,IMG_0112,P_20260903_203918,67,238,1227,135,v1.1,work/crops/IMG_0112_L02.jpg,142.15836156082284,MATH_DOMINANT,145-7738km),,PRELABELED,PENDING
IMG_0112_L03,IMG_0112,P_20260903_203918,3,331,1296,127,v1.1,work/crops/IMG_0112_L03.jpg,142.15836156082284,TEXT_WITH_CONTEXTUAL_NUMBERS,Đáp rố: 38kmr,,PRELABELED,PENDING
IMG_0113_L00,IMG_0113,P_20260903_203918,16,0,1334,222,v1.1,work/crops/IMG_0113_L00.jpg,172.971561174994,TEXT_ONLY,Đậ to nhát cô ảng là:,,PRELABELED,PENDING
IMG_0113_L01,IMG_0113,P_20260903_203918,0,199,1350,179,v1.1,work/crops/IMG_0113_L01.jpg,172.971561174994,MATH_DOMINANT,"60, áp :1)km /giờ d",,PRELABELED,PENDING
IMG_0114_L00,IMG_0114,P_20260903_203922,40,0,1224,312,v1.1,work/crops/IMG_0114_L00.jpg,214.7931765287266,TEXT_WITH_CONTEXTUAL_NUMBERS,2 H n mấyờ điển hàc ny ga,,PRELABELED,PENDING
IMG_0114_L01,IMG_0114,P_20260903_203922,37,268,1118,173,v1.1,work/crops/IMG_0114_L01.jpg,214.7931765287266,MATH_DOMINANT,là: 5+39=Br5 giờ),,PRELABELED,PENDING
IMG_0114_L02,IMG_0114,P_20260903_203922,28,410,1208,244,v1.1,work/crops/IMG_0114_L02.jpg,214.7931765287266,TEXT_WITH_CONTEXTUAL_NUMBERS,Đổi 2 ap sử gha 30 phư),,PRELABELED,PENDING
IMG_0115_L00,IMG_0115,P_20260903_203922,16,0,1153,211,v1.1,work/crops/IMG_0115_L00.jpg,308.83708031019745,TEXT_ONLY,s n hưuờn giy đai giậy l,,PRELABELED,PENDING
IMG_0115_L01,IMG_0115,P_20260903_203922,12,189,1162,102,v1.1,work/crops/IMG_0115_L01.jpg,308.83708031019745,MATH_DOMINANT, 94ư-836=1DA(m),,PRELABELED,PENDING
IMG_0116_L00,IMG_0116,P_20260903_203922,0,0,1340,315,v1.1,work/crops/IMG_0116_L00.jpg,264.13406960784465,TEXT_ONLY,a) ốih tú đi ợc hic s và:,,PRELABELED,PENDING
IMG_0117_L00,IMG_0117,P_20260903_203922,0,0,1340,233,v1.1,work/crops/IMG_0117_L00.jpg,278.4474573263172,TEXT_ONLY,đó thãy đượ co mếth gặp tí củn con,,PRELABELED,PENDING
IMG_0117_L01,IMG_0117,P_20260903_203922,0,204,1340,125,v1.1,work/crops/IMG_0117_L01.jpg,278.4474573263172,MATH_DOMINANT,3x2(0= 720(m),,PRELABELED,PENDING
IMG_0118_L00,IMG_0118,P_20260903_203924,25,0,1335,434,v1.1,work/crops/IMG_0118_L00.jpg,157.90768842054007,TEXT_WITH_CONTEXTUAL_NUMBERS,gti giếnBử Cả 0oan 10aD,,PRELABELED,PENDING
IMG_0118_L01,IMG_0118,P_20260903_203924,11,312,1349,358,v1.1,work/crops/IMG_0118_L01.jpg,157.90768842054007,TEXT_WITH_CONTEXTUAL_NUMBERS,rối ởẤ30 gảp nớ ơ nhưữ,,PRELABELED,PENDING
IMG_0119_L00,IMG_0119,P_20260903_203933,1,0,1209,480,v1.1,work/crops/IMG_0119_L00.jpg,129.46843953116198,TEXT_ONLY,ể ở  à,,PRELABELED,PENDING
IMG_0120_L00,IMG_0120,P_20260903_203935,25,0,1286,203,v1.1,work/crops/IMG_0120_L00.jpg,302.2371139445209,TEXT_ONLY,ba Cỉp số để mộ tả rố lần lập lại,,PRELABELED,PENDING
IMG_0120_L01,IMG_0120,P_20260903_203935,11,146,1309,611,v1.1,work/crops/IMG_0120_L01.jpg,302.2371139445209,TEXT_ONLY,c n nm tngh àcnh c aaụ,,PRELABELED,PENDING
IMG_0120_L02,IMG_0120,P_20260903_203935,10,734,1213,72,v1.1,work/crops/IMG_0120_L02.jpg,302.2371139445209,TEXT_ONLY,Md.,,PRELABELED,PENDING
IMG_0121_L00,IMG_0121,P_20260903_203939,7,0,1206,208,v1.1,work/crops/IMG_0121_L00.jpg,268.48352378190003,TEXT_WITH_CONTEXTUAL_NUMBERS,2a) Bếthmn rốớg3 (0he0 tu 0t,,PRELABELED,PENDING
IMG_0121_L01,IMG_0121,P_20260903_203939,6,176,1070,119,v1.1,work/crops/IMG_0121_L01.jpg,268.48352378190003,MATH_DOMINANT,Mãu:S1083 =80000+1000+60+3,,PRELABELED,PENDING
IMG_0121_L02,IMG_0121,P_20260903_203939,7,270,1269,103,v1.1,work/crops/IMG_0121_L02.jpg,268.48352378190003,MATH_DOMINANT,40729=40000FO0+205,,PRELABELED,PENDING
IMG_0121_L03,IMG_0121,P_20260903_203939,2,335,1279,122,v1.1,work/crops/IMG_0121_L03.jpg,268.48352378190003,MATH_DOMINANT,502689=500 000+7000+600+80ra,,PRELABELED,PENDING
IMG_0122_L00,IMG_0122,P_20260903_203939,0,0,1287,44,v1.1,work/crops/IMG_0122_L00.jpg,146.22950394681448,REJECT,,,PRELABELED,PENDING
IMG_0122_L01,IMG_0122,P_20260903_203939,2,21,1287,111,v1.1,work/crops/IMG_0122_L01.jpg,146.22950394681448,MATH_DOMINANT,50 006+7000 +300440 +6=57346,,PRELABELED,PENDING
IMG_0122_L02,IMG_0122,P_20260903_203939,0,85,1294,139,v1.1,work/crops/IMG_0122_L02.jpg,146.22950394681448,MATH_DOMINANT,B00 U00 440000 43000+200+90=843290,,PRELABELED,PENDING
IMG_0123_L00,IMG_0123,P_20260903_203941,0,0,1258,515,v1.1,work/crops/IMG_0123_L00.jpg,134.54323277437672,TEXT_WITH_CONTEXTUAL_NUMBERS,ởi t h Nể. 2ản 00 p2000 0,,PRELABELED,PENDING
IMG_0123_L01,IMG_0123,P_20260903_203941,0,489,935,123,v1.1,work/crops/IMG_0123_L01.jpg,134.54323277437672,TEXT_WITH_CONTEXTUAL_NUMBERS,chữ số là: 10 000 000.,,PRELABELED,PENDING
IMG_0124_L00,IMG_0124,P_20260903_203941,0,0,775,203,v1.1,work/crops/IMG_0124_L00.jpg,149.68556858241644,MATH_DOMINANT,1I=2:3: 3,,PRELABELED,PENDING
IMG_0125_L00,IMG_0125,P_20260903_203941,0,0,861,94,v1.1,work/crops/IMG_0125_L00.jpg,114.46219184031881,TEXT_ONLY,i,,PRELABELED,PENDING
IMG_0125_L01,IMG_0125,P_20260903_203941,0,51,861,111,v1.1,work/crops/IMG_0125_L01.jpg,114.46219184031881,TEXT_WITH_CONTEXTUAL_NUMBERS,2020:5G,,PRELABELED,PENDING
IMG_0125_L02,IMG_0125,P_20260903_203941,0,133,861,168,v1.1,work/crops/IMG_0125_L02.jpg,114.46219184031881,MATH_DOMINANT,353557,,PRELABELED,PENDING
IMG_0126_L00,IMG_0126,P_20260903_203941,0,0,780,62,v1.1,work/crops/IMG_0126_L00.jpg,142.45439825344232,TEXT_ONLY,c,,PRELABELED,PENDING
IMG_0126_L01,IMG_0126,P_20260903_203941,0,39,780,128,v1.1,work/crops/IMG_0126_L01.jpg,142.45439825344232,MATH_DOMINANT,7272:9,,PRELABELED,PENDING
IMG_0126_L02,IMG_0126,P_20260903_203941,0,139,780,103,v1.1,work/crops/IMG_0126_L02.jpg,142.45439825344232,MATH_DOMINANT,120 120: 8 15,,PRELABELED,PENDING
IMG_0127_L00,IMG_0127,P_20260903_203945,36,0,1171,313,v1.1,work/crops/IMG_0127_L00.jpg,98.82082785195489,TEXT_WITH_CONTEXTUAL_NUMBERS,2  đig mẫu ố ác nhn ỗ,,PRELABELED,PENDING
IMG_0127_L01,IMG_0127,P_20260903_203945,28,254,1149,330,v1.1,work/crops/IMG_0127_L01.jpg,98.82082785195489,TEXT_ONLY,u ý lỏ iý dổ nhên nhạn,,PRELABELED,PENDING
IMG_0128_L00,IMG_0128,P_20260903_203945,28,0,1149,43,v1.1,work/crops/IMG_0128_L00.jpg,126.3781746310822,REJECT,,,PRELABELED,PENDING
IMG_0128_L01,IMG_0128,P_20260903_203945,26,19,1153,127,v1.1,work/crops/IMG_0128_L01.jpg,126.3781746310822,TEXT_WITH_CONTEXTUAL_NUMBERS,b23:2 và12,,PRELABELED,PENDING
IMG_0128_L02,IMG_0128,P_20260903_203945,23,109,1158,95,v1.1,work/crops/IMG_0128_L02.jpg,126.3781746310822,TEXT_WITH_CONTEXTUAL_NUMBERS,BIG52V,,PRELABELED,PENDING
IMG_0128_L03,IMG_0128,P_20260903_203945,0,178,1190,344,v1.1,work/crops/IMG_0128_L03.jpg,126.3781746310822,TEXT_WITH_CONTEXTUAL_NUMBERS,"nu lã ì 2Bna,hhn  hở",,PRELABELED,PENDING
IMG_0128_L04,IMG_0128,P_20260903_203945,0,502,1216,268,v1.1,work/crops/IMG_0128_L04.jpg,126.3781746310822,TEXT_WITH_CONTEXTUAL_NUMBERS,55 20 QSỹ đng nhh n ố: ở,,PRELABELED,PENDING
IMG_0129_L00,IMG_0129,P_20260903_203946,20,0,1088,388,v1.1,work/crops/IMG_0129_L00.jpg,115.35902634616798,TEXT_ONLY,Bnớaa,,PRELABELED,PENDING
IMG_0129_L01,IMG_0129,P_20260903_203946,25,366,1033,98,v1.1,work/crops/IMG_0129_L01.jpg,115.35902634616798,MATH_DOMINANT,2=7x25 17525,,PRELABELED,PENDING
IMG_0129_L02,IMG_0129,P_20260903_203946,25,448,798,89,v1.1,work/crops/IMG_0129_L02.jpg,115.35902634616798,MATH_DOMINANT,4 4x25 10ờ=5,,PRELABELED,PENDING
IMG_0129_L03,IMG_0129,P_20260903_203946,22,520,1035,106,v1.1,work/crops/IMG_0129_L03.jpg,115.35902634616798,TEXT_WITH_CONTEXTUAL_NUMBERS,55x125G25Gc,,PRELABELED,PENDING
IMG_0129_L04,IMG_0129,P_20260903_203946,17,602,1039,117,v1.1,work/crops/IMG_0129_L04.jpg,115.35902634616798,MATH_DOMINANT,"8Sx125-100v 0,b25",,PRELABELED,PENDING
IMG_0130_L00,IMG_0130,P_20260903_203946,13,0,1095,152,v1.1,work/crops/IMG_0130_L00.jpg,158.56328598936133,MATH_DOMINANT,"3Y>,L",,PRELABELED,PENDING
IMG_0130_L01,IMG_0130,P_20260903_203946,10,121,1044,128,v1.1,work/crops/IMG_0130_L01.jpg,158.56328598936133,MATH_DOMINANT,"16; 2 >16,07 7,366=7,3",,PRELABELED,PENDING
IMG_0130_L02,IMG_0130,P_20260903_203946,3,195,1105,207,v1.1,work/crops/IMG_0130_L02.jpg,158.56328598936133,MATH_DOMINANT,"3522858 2,33922022290",,PRELABELED,PENDING
IMG_0131_L00,IMG_0131,P_20260903_203946,0,0,1072,158,v1.1,work/crops/IMG_0131_L00.jpg,240.88311675100513,MATH_DOMINANT,"69.93;: 69,83,; 709, 7,5",,PRELABELED,PENDING
IMG_0132_L00,IMG_0132,P_20260903_203951,21,0,1075,107,v1.1,work/crops/IMG_0132_L00.jpg,158.776753705983,MATH_DOMINANT,a)536 817+8257-019396,,PRELABELED,PENDING
IMG_0132_L01,IMG_0132,P_20260903_203951,18,79,942,92,v1.1,work/crops/IMG_0132_L01.jpg,158.776753705983,MATH_DOMINANT,981259-645 267=336,,PRELABELED,PENDING
IMG_0133_L00,IMG_0133,P_20260903_203951,13,0,1044,130,v1.1,work/crops/IMG_0133_L00.jpg,104.82333517694506,MATH_DOMINANT,"b)64, 30 +93, 46 = 157841",,PRELABELED,PENDING
IMG_0133_L01,IMG_0133,P_20260903_203951,10,86,910,93,v1.1,work/crops/IMG_0133_L01.jpg,104.82333517694506,MATH_DOMINANT,"S6,09-94,331,70. W",,PRELABELED,PENDING
IMG_0134_L00,IMG_0134,P_20260903_203951,8,0,1030,179,v1.1,work/crops/IMG_0134_L00.jpg,113.78056895866962,MATH_DOMINANT,c1+ -311²2)38+35=5315:,,PRELABELED,PENDING
IMG_0134_L01,IMG_0134,P_20260903_203951,0,143,1066,198,v1.1,work/crops/IMG_0134_L01.jpg,113.78056895866962,MATH_DOMINANT,105=1020-550+45-554,,PRELABELED,PENDING
IMG_0135_L00,IMG_0135,P_20260903_203951,0,0,935,129,v1.1,work/crops/IMG_0135_L00.jpg,87.65218669642424,MATH_DOMINANT,a) 275+ (225+486),,PRELABELED,PENDING
IMG_0135_L01,IMG_0135,P_20260903_203951,0,87,1077,108,v1.1,work/crops/IMG_0135_L01.jpg,87.65218669642424,MATH_DOMINANT,>486HC27S+725),,PRELABELED,PENDING
IMG_0135_L02,IMG_0135,P_20260903_203951,0,172,1096,199,v1.1,work/crops/IMG_0135_L02.jpg,87.65218669642424,MATH_DOMINANT,=488c1000 pn,,PRELABELED,PENDING
IMG_0136_L00,IMG_0136,P_20260903_203951,0,0,1096,119,v1.1,work/crops/IMG_0136_L00.jpg,75.4558360974389,MATH_DOMINANT,"b)(3,29 +4,63) 2537",,PRELABELED,PENDING
IMG_0136_L01,IMG_0136,P_20260903_203951,0,84,1096,129,v1.1,work/crops/IMG_0136_L01.jpg,75.4558360974389,MATH_DOMINANT,"=3, 29H4,6315133)",,PRELABELED,PENDING
IMG_0136_L02,IMG_0136,P_20260903_203951,0,170,1096,215,v1.1,work/crops/IMG_0136_L02.jpg,75.4558360974389,MATH_DOMINANT,"32213,210",,PRELABELED,PENDING
IMG_0137_L00,IMG_0137,P_20260903_203954,10,0,128,70,v1.1,work/crops/IMG_0137_L00.jpg,232.71290331685154,REJECT,,,PRELABELED,PENDING
IMG_0137_L01,IMG_0137,P_20260903_203954,8,50,1058,81,v1.1,work/crops/IMG_0137_L01.jpg,232.71290331685154,MATH_DOMINANT,"=7A3,+36,6)",,PRELABELED,PENDING
IMG_0137_L02,IMG_0137,P_20260903_203954,7,100,1059,99,v1.1,work/crops/IMG_0137_L02.jpg,232.71290331685154,MATH_DOMINANT,= S97t 100,,PRELABELED,PENDING
IMG_0137_L03,IMG_0137,P_20260903_203954,5,162,1055,117,v1.1,work/crops/IMG_0137_L03.jpg,232.71290331685154,MATH_DOMINANT,=697,,PRELABELED,PENDING
IMG_0138_L00,IMG_0138,P_20260903_203954,4,0,1062,217,v1.1,work/crops/IMG_0138_L00.jpg,134.15239014427982,MATH_DOMINANT,"d, 9+7I+",,PRELABELED,PENDING
IMG_0138_L01,IMG_0138,P_20260903_203954,1,150,1065,207,v1.1,work/crops/IMG_0138_L01.jpg,134.15239014427982,MATH_DOMINANT,"( +5),(72+52)",,PRELABELED,PENDING
IMG_0138_L02,IMG_0138,P_20260903_203954,0,318,1066,225,v1.1,work/crops/IMG_0138_L02.jpg,134.15239014427982,MATH_DOMINANT,=12p,,PRELABELED,PENDING
IMG_0138_L03,IMG_0138,P_20260903_203954,0,504,1066,131,v1.1,work/crops/IMG_0138_L03.jpg,134.15239014427982,MATH_DOMINANT,= Q,,PRELABELED,PENDING
IMG_0139_L00,IMG_0139,P_20260903_203954,0,0,1049,201,v1.1,work/crops/IMG_0139_L00.jpg,389.5964022597639,TEXT_WITH_CONTEXTUAL_NUMBERS,3ớ cây gậy AB Láilà,,PRELABELED,PENDING
IMG_0139_L01,IMG_0139,P_20260903_203954,0,148,1066,122,v1.1,work/crops/IMG_0139_L01.jpg,389.5964022597639,TEXT_WITH_CONTEXTUAL_NUMBERS,"Đáp số: 1,45m",,PRELABELED,PENDING
IMG_0140_L00,IMG_0140,P_20260903_203958,31,0,1156,101,v1.1,work/crops/IMG_0140_L00.jpg,126.90602293694944,TEXT_WITH_CONTEXTUAL_NUMBERS," 54, 73 Thư lại: 90,97",,PRELABELED,PENDING
IMG_0140_L01,IMG_0140,P_20260903_203958,26,78,1148,105,v1.1,work/crops/IMG_0140_L01.jpg,126.90602293694944,MATH_DOMINANT,"+36,24-36;24",,PRELABELED,PENDING
IMG_0140_L02,IMG_0140,P_20260903_203958,25,149,1148,106,v1.1,work/crops/IMG_0140_L02.jpg,126.90602293694944,MATH_DOMINANT,"90,975(73",,PRELABELED,PENDING
IMG_0140_L03,IMG_0140,P_20260903_203958,10,219,1163,202,v1.1,work/crops/IMG_0140_L03.jpg,126.90602293694944,MATH_DOMINANT,"3- 2-15 Thư lại: 15,+328",,PRELABELED,PENDING
IMG_0141_L00,IMG_0141,P_20260903_203958,2,0,1171,186,v1.1,work/crops/IMG_0141_L00.jpg,182.8539269963272,MATH_DOMINANT,a) 3542 Thư lai:18/176,,PRELABELED,PENDING
IMG_0141_L01,IMG_0141,P_20260903_203958,0,158,1174,131,v1.1,work/crops/IMG_0141_L01.jpg,182.8539269963272,MATH_DOMINANT,15176 8549,,PRELABELED,PENDING
IMG_0142_L00,IMG_0142,P_20260903_203958,0,0,1174,89,v1.1,work/crops/IMG_0142_L00.jpg,180.13332912337535,TEXT_ONLY,T,,PRELABELED,PENDING
IMG_0142_L01,IMG_0142,P_20260903_203958,0,49,1174,120,v1.1,work/crops/IMG_0142_L01.jpg,180.13332912337535,TEXT_WITH_CONTEXTUAL_NUMBERS,"b, 35,71 Chử lại: 6,31",,PRELABELED,PENDING
IMG_0142_L02,IMG_0142,P_20260903_203958,0,146,703,110,v1.1,work/crops/IMG_0142_L02.jpg,180.13332912337535,MATH_DOMINANT,"==29,",,PRELABELED,PENDING
IMG_0142_L03,IMG_0142,P_20260903_203958,0,228,759,108,v1.1,work/crops/IMG_0142_L03.jpg,180.13332912337535,MATH_DOMINANT,6>3t3,,PRELABELED,PENDING
IMG_0142_L04,IMG_0142,P_20260903_203958,0,309,1175,72,v1.1,work/crops/IMG_0142_L04.jpg,180.13332912337535,REJECT,,,PRELABELED,PENDING
IMG_0143_L00,IMG_0143,P_20260903_203958,0,0,1232,249,v1.1,work/crops/IMG_0143_L00.jpg,200.0758480491088,MATH_DOMINANT,c/1-2 1432317 Chử lại: 12+3,,PRELABELED,PENDING
IMG_0144_L00,IMG_0144,P_20260903_203958,0,0,1232,129,v1.1,work/crops/IMG_0144_L00.jpg,256.57101315370437,MATH_DOMINANT,2)175-(5953H357)= 245,,PRELABELED,PENDING
IMG_0144_L01,IMG_0144,P_20260903_203958,4,101,1228,115,v1.1,work/crops/IMG_0144_L01.jpg,256.57101315370437,MATH_DOMINANT,"175-95-24,5",,PRELABELED,PENDING
IMG_0144_L02,IMG_0144,P_20260903_203958,0,183,1232,125,v1.1,work/crops/IMG_0144_L02.jpg,256.57101315370437,MATH_DOMINANT,=X8 =24D,,PRELABELED,PENDING
IMG_0145_L00,IMG_0145,P_20260903_204000,14,0,1226,429,v1.1,work/crops/IMG_0145_L00.jpg,87.79576407089252,TEXT_ONLY,  ã) ,,PRELABELED,PENDING
IMG_0145_L01,IMG_0145,P_20260903_204000,0,313,1240,345,v1.1,work/crops/IMG_0145_L01.jpg,87.79576407089252,TEXT_WITH_CONTEXTUAL_NUMBERS,1hg,,PRELABELED,PENDING
IMG_0146_L00,IMG_0146,P_20260903_204000,0,0,1236,196,v1.1,work/crops/IMG_0146_L00.jpg,194.7559946723419,TEXT_ONLY,l ng ố phầmn bánh chưng của Nai và,,PRELABELED,PENDING
IMG_0146_L01,IMG_0146,P_20260903_204000,0,147,1171,174,v1.1,work/crops/IMG_0146_L01.jpg,194.7559946723419,MATH_DOMINANT,5+1/=3(phần),,PRELABELED,PENDING
IMG_0146_L02,IMG_0146,P_20260903_204000,0,298,1225,205,v1.1,work/crops/IMG_0146_L02.jpg,194.7559946723419,TEXT_ONLY,àCôn lại số phần bánh chưng chưa án,,PRELABELED,PENDING
IMG_0146_L03,IMG_0146,P_20260903_204000,0,471,1240,174,v1.1,work/crops/IMG_0146_L03.jpg,194.7559946723419,MATH_DOMINANT,1.-3=5(phần),,PRELABELED,PENDING
IMG_0146_L04,IMG_0146,P_20260903_204000,25,635,1215,179,v1.1,work/crops/IMG_0146_L04.jpg,194.7559946723419,TEXT_WITH_CONTEXTUAL_NUMBERS,Đấp số: 5 phần.,,PRELABELED,PENDING
IMG_0147_L00,IMG_0147,P_20260903_204004,18,0,1206,153,v1.1,work/crops/IMG_0147_L00.jpg,243.86055200876694,MATH_DOMINANT,a)2508x34=85 272,,PRELABELED,PENDING
IMG_0147_L01,IMG_0147,P_20260903_204004,16,118,1143,101,v1.1,work/crops/IMG_0147_L01.jpg,243.86055200876694,MATH_DOMINANT," 617x4,5= 2770r5",,PRELABELED,PENDING
IMG_0147_L02,IMG_0147,P_20260903_204004,15,190,1146,106,v1.1,work/crops/IMG_0147_L02.jpg,243.86055200876694,MATH_DOMINANT,"32,6 x0,58=18,909",,PRELABELED,PENDING
IMG_0148_L00,IMG_0148,P_20260903_204004,11,0,1207,200,v1.1,work/crops/IMG_0148_L00.jpg,241.0689504272426,MATH_DOMINANT,b/5376 38=>38,,PRELABELED,PENDING
IMG_0148_L01,IMG_0148,P_20260903_204004,11,173,1209,102,v1.1,work/crops/IMG_0148_L01.jpg,241.0689504272426,MATH_DOMINANT,"98,20:3,6=27)3",,PRELABELED,PENDING
IMG_0149_L00,IMG_0149,P_20260903_204004,0,0,1223,190,v1.1,work/crops/IMG_0149_L00.jpg,236.69846738156545,MATH_DOMINANT,"S,x5-9232. 11=33 15.4",,PRELABELED,PENDING
IMG_0150_L00,IMG_0150,P_20260903_204004,0,0,1282,489,v1.1,work/crops/IMG_0150_L00.jpg,274.529201492023,MATH_DOMINANT,B>ổ s ?3,,PRELABELED,PENDING
IMG_0150_L01,IMG_0150,P_20260903_204004,0,460,1282,88,v1.1,work/crops/IMG_0150_L01.jpg,274.529201492023,MATH_DOMINANT,9,,PRELABELED,PENDING
IMG_0151_L00,IMG_0151,P_20260903_204009,0,0,1330,539,v1.1,work/crops/IMG_0151_L00.jpg,149.93120357894378,TEXT_ONLY,St ổa g gmn,,PRELABELED,PENDING
IMG_0151_L01,IMG_0151,P_20260903_204009,62,500,1180,146,v1.1,work/crops/IMG_0151_L01.jpg,149.93120357894378,MATH_DOMINANT,(22ô 0 +30 000): 2=26400( đồng),,PRELABELED,PENDING
IMG_0151_L02,IMG_0151,P_20260903_204009,63,622,1108,113,v1.1,work/crops/IMG_0151_L02.jpg,149.93120357894378,TEXT_WITH_CONTEXTUAL_NUMBERS,àp rố 2 6400d,,PRELABELED,PENDING
IMG_0152_L00,IMG_0152,P_20260903_204009,0,0,1330,414,v1.1,work/crops/IMG_0152_L00.jpg,150.46885913237895,TEXT_WITH_CONTEXTUAL_NUMBERS,u 3ể ếh  sệ3 an,,PRELABELED,PENDING
IMG_0152_L01,IMG_0152,P_20260903_204009,0,327,1330,570,v1.1,work/crops/IMG_0152_L01.jpg,150.46885913237895,TEXT_ONLY,ậnH)BnlBm,,PRELABELED,PENDING
IMG_0153_L00,IMG_0153,P_20260903_204013,0,0,1147,212,v1.1,work/crops/IMG_0153_L00.jpg,188.63965663068998,MATH_DOMINANT,a) 14133 /3Tử 23i314x45n,,PRELABELED,PENDING
IMG_0153_L01,IMG_0153,P_20260903_204013,0,168,1006,180,v1.1,work/crops/IMG_0153_L01.jpg,188.63965663068998,MATH_DOMINANT,128,,PRELABELED,PENDING
IMG_0154_L00,IMG_0154,P_20260903_204013,55,0,1098,71,v1.1,work/crops/IMG_0154_L00.jpg,156.2157276134586,TEXT_ONLY,y,,PRELABELED,PENDING
IMG_0154_L01,IMG_0154,P_20260903_204013,61,38,1092,110,v1.1,work/crops/IMG_0154_L01.jpg,156.2157276134586,TEXT_WITH_CONTEXTUAL_NUMBERS,892423 Thử lại: 370x23:,,PRELABELED,PENDING
IMG_0154_L02,IMG_0154,P_20260903_204013,0,126,1157,109,v1.1,work/crops/IMG_0154_L02.jpg,156.2157276134586,TEXT_WITH_CONTEXTUAL_NUMBERS,202I37B,,PRELABELED,PENDING
IMG_0154_L03,IMG_0154,P_20260903_204013,57,188,1102,196,v1.1,work/crops/IMG_0154_L03.jpg,156.2157276134586,MATH_DOMINANT,209,,PRELABELED,PENDING
IMG_0155_L00,IMG_0155,P_20260903_204013,6,0,1210,350,v1.1,work/crops/IMG_0155_L00.jpg,296.19937177092316,TEXT_ONLY,ởt g ã,,PRELABELED,PENDING
IMG_0156_L00,IMG_0156,P_20260903_204013,0,0,1216,215,v1.1,work/crops/IMG_0156_L00.jpg,268.0793095396518,TEXT_WITH_CONTEXTUAL_NUMBERS,"b, 15 x2 lấ3",,PRELABELED,PENDING
IMG_0156_L01,IMG_0156,P_20260903_204013,0,139,1216,571,v1.1,work/crops/IMG_0156_L01.jpg,268.0793095396518,TEXT_WITH_CONTEXTUAL_NUMBERS,Ga 3ậa5,,PRELABELED,PENDING
IMG_0157_L00,IMG_0157,P_20260903_204015,0,0,1297,313,v1.1,work/crops/IMG_0157_L00.jpg,77.66408534420415,TEXT_WITH_CONTEXTUAL_NUMBERS,Vi 30 ?mh vải màn tướ ni hãila,,PRELABELED,PENDING
IMG_0157_L01,IMG_0157,P_20260903_204015,3,222,1283,358,v1.1,work/crops/IMG_0157_L01.jpg,77.66408534420415,TEXT_WITH_CONTEXTUAL_NUMBERS,i 3ỉ m ở Tệ hểy ta chun,,PRELABELED,PENDING
IMG_0157_L02,IMG_0157,P_20260903_204015,0,497,1287,238,v1.1,work/crops/IMG_0157_L02.jpg,77.66408534420415,TEXT_ONLY,hất ố lệ guân glài áó),,PRELABELED,PENDING
IMG_0157_L03,IMG_0157,P_20260903_204015,0,677,1281,163,v1.1,work/crops/IMG_0157_L03.jpg,77.66408534420415,TEXT_WITH_CONTEXTUAL_NUMBERS,Đáp số: 5S quần áa (5 mét vải,,PRELABELED,PENDING
IMG_0157_L04,IMG_0157,P_20260903_204015,480,826,459,24,v1.1,work/crops/IMG_0157_L04.jpg,77.66408534420415,TEXT_ONLY,ààặ,,PRELABELED,PENDING
IMG_0158_L00,IMG_0158,P_20260903_204015,0,0,1283,241,v1.1,work/crops/IMG_0158_L00.jpg,118.27390671118405,TEXT_ONLY,"Cốn g, rố Thhn ăng nhau là:",,PRELABELED,PENDING
IMG_0158_L01,IMG_0158,P_20260903_204015,0,159,1293,442,v1.1,work/crops/IMG_0158_L01.jpg,118.27390671118405,TEXT_WITH_CONTEXTUAL_NUMBERS,  Àn 3 đ ging2a.,,PRELABELED,PENDING
IMG_0159_L00,IMG_0159,P_20260903_204018,0,0,1199,323,v1.1,work/crops/IMG_0159_L00.jpg,253.74861633617266,TEXT_ONLY," s, đnhhgng nhau la:",,PRELABELED,PENDING
IMG_0159_L01,IMG_0159,P_20260903_204018,34,214,1165,361,v1.1,work/crops/IMG_0159_L01.jpg,253.74861633617266,TEXT_ONLY,V nng tả  B tờ a.,,PRELABELED,PENDING
IMG_0159_L02,IMG_0159,P_20260903_204018,0,499,1199,390,v1.1,work/crops/IMG_0159_L02.jpg,253.74861633617266,TEXT_WITH_CONTEXTUAL_NUMBERS,Cổ 3g ệ c ởế hgểin ná đưc la,,PRELABELED,PENDING
IMG_0160_L00,IMG_0160,P_20260903_204022,0,0,1251,366,v1.1,work/crops/IMG_0160_L00.jpg,209.76338093661545,TEXT_WITH_CONTEXTUAL_NUMBERS,23 tch minh vuan m u l.,,PRELABELED,PENDING
IMG_0160_L01,IMG_0160,P_20260903_204022,0,312,1251,278,v1.1,work/crops/IMG_0160_L01.jpg,209.76338093661545,TEXT_ONLY,Ch miểng ea hình sông trên,,PRELABELED,PENDING
IMG_0161_L00,IMG_0161,P_20260903_204027,0,0,1221,139,v1.1,work/crops/IMG_0161_L00.jpg,375.35319046970466,TEXT_ONLY, iện tìch xung qianh của thung hang là:,,PRELABELED,PENDING
IMG_0161_L01,IMG_0161,P_20260903_204027,0,109,1224,106,v1.1,work/crops/IMG_0161_L01.jpg,375.35319046970466,MATH_DOMINANT,"(6+3,5) thTN CT /p",,PRELABELED,PENDING
IMG_0161_L02,IMG_0161,P_20260903_204027,0,178,1149,129,v1.1,work/crops/IMG_0161_L02.jpg,375.35319046970466,TEXT_ONLY,Điện tích toan phần của thùng,,PRELABELED,PENDING
IMG_0161_L03,IMG_0161,P_20260903_204027,0,279,1152,100,v1.1,work/crops/IMG_0161_L03.jpg,375.35319046970466,TEXT_WITH_CONTEXTUAL_NUMBERS,lậ:0C2S,,PRELABELED,PENDING
IMG_0161_L04,IMG_0161,P_20260903_204027,0,356,1234,99,v1.1,work/crops/IMG_0161_L04.jpg,375.35319046970466,TEXT_WITH_CONTEXTUAL_NUMBERS,76t(6N3.2 6x3)x497,,PRELABELED,PENDING
IMG_0162_L00,IMG_0162,P_20260903_204027,0,0,1234,135,v1.1,work/crops/IMG_0162_L00.jpg,361.225175772336,TEXT_WITH_CONTEXTUAL_NUMBERS,bĐế6ịch mất mắt là:,,PRELABELED,PENDING
IMG_0162_L01,IMG_0162,P_20260903_204027,0,80,1307,704,v1.1,work/crops/IMG_0162_L01.jpg,361.225175772336,TEXT_ONLY, ượMn xcng,,PRELABELED,PENDING
IMG_0163_L00,IMG_0163,P_20260903_204027,21,0,1255,158,v1.1,work/crops/IMG_0163_L00.jpg,441.17550227687656,TEXT_ONLY,a) Điện tích xừng quanh của hình lập phư,,PRELABELED,PENDING
IMG_0163_L01,IMG_0163,P_20260903_204027,0,107,1353,123,v1.1,work/crops/IMG_0163_L01.jpg,441.17550227687656,TEXT_ONLY,dlà;,,PRELABELED,PENDING
IMG_0163_L02,IMG_0163,P_20260903_204027,0,188,1372,223,v1.1,work/crops/IMG_0163_L02.jpg,441.17550227687656,TEXT_ONLY,Diện tìch Xúg quanh của lình lện chứ,,PRELABELED,PENDING
IMG_0164_L00,IMG_0164,P_20260903_204029,0,0,1270,410,v1.1,work/crops/IMG_0164_L00.jpg,184.5416177543407,TEXT_ONLY,ng ên h ttảh ếih ttô ản nhaang,,PRELABELED,PENDING
IMG_0164_L01,IMG_0164,P_20260903_204029,0,355,1284,303,v1.1,work/crops/IMG_0164_L01.jpg,184.5416177543407,TEXT_ONLY,nin ềh toắn Thẩm của hiình hon chữ,,PRELABELED,PENDING
IMG_0164_L02,IMG_0164,P_20260903_204029,0,546,1300,366,v1.1,work/crops/IMG_0164_L02.jpg,184.5416177543407,TEXT_ONLY,nhày điá ố n nha đã Bíh nản bu,,PRELABELED,PENDING
IMG_0165_L00,IMG_0165,P_20260903_204029,0,0,1310,320,v1.1,work/crops/IMG_0165_L00.jpg,288.93801261346323,TEXT_ONLY,chẻ s tn phốc đã p ei,,PRELABELED,PENDING
IMG_0165_L01,IMG_0165,P_20260903_204029,0,236,1310,410,v1.1,work/crops/IMG_0165_L01.jpg,288.93801261346323,TEXT_ONLY,Cn nảmg ca hnnh ẽả,,PRELABELED,PENDING
IMG_0166_L00,IMG_0166,P_20260903_204034,0,0,1223,312,v1.1,work/crops/IMG_0166_L00.jpg,151.1413728946439,TEXT_ONLY,Day P Phới đã ì ng hản nả nàng hon,,PRELABELED,PENDING
IMG_0167_L00,IMG_0167,P_20260903_204034,0,0,1265,478,v1.1,work/crops/IMG_0167_L00.jpg,200.84307919490792,TEXT_ONLY,n ìn l gtg pnờn nih ba ea.,,PRELABELED,PENDING
IMG_0167_L01,IMG_0167,P_20260903_204034,142,453,1084,228,v1.1,work/crops/IMG_0167_L01.jpg,200.84307919490792,TEXT_WITH_CONTEXTUAL_NUMBERS,32530 Đảp hố) 22000 e?,,PRELABELED,PENDING
IMG_0167_L02,IMG_0167,P_20260903_204034,50,653,1179,86,v1.1,work/crops/IMG_0167_L02.jpg,200.84307919490792,TEXT_WITH_CONTEXTUAL_NUMBERS,k) 2Sgm3,,PRELABELED,PENDING
IMG_0168_L00,IMG_0168,P_20260903_204034,29,0,1283,133,v1.1,work/crops/IMG_0168_L00.jpg,175.85395569807355,TEXT_ONLY,"Thể tích của, lể cả là:",,PRELABELED,PENDING
IMG_0168_L01,IMG_0168,P_20260903_204034,16,109,1296,118,v1.1,work/crops/IMG_0168_L01.jpg,175.85395569807355,MATH_DOMINANT,60x Gựx50= 120 000 (m3),,PRELABELED,PENDING
IMG_0168_L02,IMG_0168,P_20260903_204034,20,185,1292,231,v1.1,work/crops/IMG_0168_L02.jpg,175.85395569807355,TEXT_ONLY,ố lắo moớc trong lể có là:,,PRELABELED,PENDING
IMG_0169_L00,IMG_0169,P_20260903_204036,86,0,1277,216,v1.1,work/crops/IMG_0169_L00.jpg,131.49366544586118,MATH_DOMINANT,"ưn xs- 3oo hứợ, ti trong bể bơi là:",,PRELABELED,PENDING
IMG_0169_L01,IMG_0169,P_20260903_204036,0,129,1373,325,v1.1,work/crops/IMG_0169_L01.jpg,131.49366544586118,TEXT_ONLY,nuờ ểì n ci ậs ht x s mét khối,,PRELABELED,PENDING
IMG_0169_L02,IMG_0169,P_20260903_204036,0,396,1373,138,v1.1,work/crops/IMG_0169_L02.jpg,131.49366544586118,TEXT_WITH_CONTEXTUAL_NUMBERS, Đấp rố: 180m.,,PRELABELED,PENDING
IMG_0170_L00,IMG_0170,P_20260903_204036,0,0,1373,387,v1.1,work/crops/IMG_0170_L00.jpg,228.9215739699441,MATH_DOMINANT, ii ở phc i 00như -922Aaa.,,PRELABELED,PENDING
IMG_0170_L01,IMG_0170,P_20260903_204036,0,319,1313,199,v1.1,work/crops/IMG_0170_L01.jpg,228.9215739699441,MATH_DOMINANT,b19 phút sgiây <>  phúc 1sgiây,,PRELABELED,PENDING
IMG_0170_L02,IMG_0170,P_20260903_204036,0,494,1348,259,v1.1,work/crops/IMG_0170_L02.jpg,228.9215739699441,TEXT_WITH_CONTEXTUAL_NUMBERS,nhút 2 gân 35 nhữ gãyyo thu,,PRELABELED,PENDING
IMG_0171_L00,IMG_0171,P_20260903_204041,0,17,895,195,v1.1,work/crops/IMG_0171_L00.jpg,112.16355397664204,TEXT_WITH_CONTEXTUAL_NUMBERS,"d, 16 giờ 1 nhút S nh",,PRELABELED,PENDING
IMG_0171_L01,IMG_0171,P_20260903_204041,4,170,685,123,v1.1,work/crops/IMG_0171_L01.jpg,112.16355397664204,MATH_DOMINANT,1guờ = 6 phu3 gi 4,,PRELABELED,PENDING
IMG_0171_L02,IMG_0171,P_20260903_204041,0,244,965,158,v1.1,work/crops/IMG_0171_L02.jpg,112.16355397664204,TEXT_ONLY,fnhưt,,PRELABELED,PENDING
IMG_0172_L00,IMG_0172,P_20260903_204041,0,0,1232,480,v1.1,work/crops/IMG_0172_L00.jpg,238.01276952427443,TEXT_ONLY,Tgớn ắn bồnờn tìnn ệộnau m,,PRELABELED,PENDING
