sample_id,crop_path,crop_filename,raw_label,normalized_label,source_image_id,source_image_hash,crop_hash,row_index,row_type,operation,digit_count,contains_operator,contains_carry_context,contains_borrow_context,crop_dimensions,split,annotation_source,is_synthetic,writer_id,pii_status,seen_by_yolo
sample_input_synthetic_row_00_38_c5b62178,ai-training/datasets/arithmetic_ocr_line_v1/crops/sample_input_synthetic_row_00_38_c5b62178.png,sample_input_synthetic_row_00_38_c5b62178.png,38,38,sample_input_synthetic,ab7c8df0610a4f637e3c0de6992fc9abf93057788dcf75254a1d5ee43e713a90,c5b62178bf702078b6e462e0962ad268da222664a075154b1abca67a8bbd5502,0,OPERAND,VERTICAL_ADDITION,2,False,True,False,"{""width"": 264, ""height"": 156}",train,expected_output.json + verified ink geometry,True,ANONYMOUS_SYNTHETIC_01,DEIDENTIFIED_SYNTHETIC,YES
sample_input_synthetic_row_01_plus47_803b0402,ai-training/datasets/arithmetic_ocr_line_v1/crops/sample_input_synthetic_row_01_plus47_803b0402.png,sample_input_synthetic_row_01_plus47_803b0402.png,+47,+47,sample_input_synthetic,ab7c8df0610a4f637e3c0de6992fc9abf93057788dcf75254a1d5ee43e713a90,803b0402ed83eae3d2c1cd8760bb55e4b48366675da63da52a8ed75730481ea8,1,OPERATOR_OPERAND,VERTICAL_ADDITION,2,True,True,False,"{""width"": 468, ""height"": 222}",train,expected_output.json + verified ink geometry,True,ANONYMOUS_SYNTHETIC_01,DEIDENTIFIED_SYNTHETIC,YES
sample_input_synthetic_row_03_85_302aaaf1,ai-training/datasets/arithmetic_ocr_line_v1/crops/sample_input_synthetic_row_03_85_302aaaf1.png,sample_input_synthetic_row_03_85_302aaaf1.png,85,85,sample_input_synthetic,ab7c8df0610a4f637e3c0de6992fc9abf93057788dcf75254a1d5ee43e713a90,302aaaf10aeef625553f15d9c87c26794fbb27e9cfa19a028c2fa87938fa8cdd,3,RESULT,VERTICAL_ADDITION,2,False,True,False,"{""width"": 263, ""height"": 164}",train,expected_output.json + verified ink geometry,True,ANONYMOUS_SYNTHETIC_01,DEIDENTIFIED_SYNTHETIC,YES
synthetic_addition_row_00_45_1c104bab,ai-training/datasets/arithmetic_ocr_line_v1/crops/synthetic_addition_row_00_45_1c104bab.png,synthetic_addition_row_00_45_1c104bab.png,45,45,synthetic_addition,c0f900750c161c3f9c225c7baf09daa877053d11ad2c4ea9dbd4a25db5228cc3,1c104bab83a8c14170dc433b9a419cf070d2a0c7e947a538a1b0226b5b19c21a,0,OPERAND,VERTICAL_ADDITION,2,False,True,False,"{""width"": 137, ""height"": 69}",train,programmatic vertical addition fixture (45 + 27 = 72),True,ANONYMOUS_SYNTHETIC_02,DEIDENTIFIED_SYNTHETIC,YES
synthetic_addition_row_01_plus27_92fe5a05,ai-training/datasets/arithmetic_ocr_line_v1/crops/synthetic_addition_row_01_plus27_92fe5a05.png,synthetic_addition_row_01_plus27_92fe5a05.png,+27,+27,synthetic_addition,c0f900750c161c3f9c225c7baf09daa877053d11ad2c4ea9dbd4a25db5228cc3,92fe5a056f9cdbbaebe58c50e37d79c6a81b7f66363f2b567ee4ec477a487b3d,1,OPERATOR_OPERAND,VERTICAL_ADDITION,2,True,True,False,"{""width"": 212, ""height"": 68}",train,programmatic vertical addition fixture (45 + 27 = 72),True,ANONYMOUS_SYNTHETIC_02,DEIDENTIFIED_SYNTHETIC,YES
synthetic_addition_row_03_72_2f241f26,ai-training/datasets/arithmetic_ocr_line_v1/crops/synthetic_addition_row_03_72_2f241f26.png,synthetic_addition_row_03_72_2f241f26.png,72,72,synthetic_addition,c0f900750c161c3f9c225c7baf09daa877053d11ad2c4ea9dbd4a25db5228cc3,2f241f262865d45d4a3927114b8422c1a0570f4278dd45d3a77c9226ab2662f5,3,RESULT,VERTICAL_ADDITION,2,False,True,False,"{""width"": 133, ""height"": 68}",train,programmatic vertical addition fixture (45 + 27 = 72),True,ANONYMOUS_SYNTHETIC_02,DEIDENTIFIED_SYNTHETIC,YES
synthetic_subtraction_row_00_52_503481c7,ai-training/datasets/arithmetic_ocr_line_v1/crops/synthetic_subtraction_row_00_52_503481c7.png,synthetic_subtraction_row_00_52_503481c7.png,52,52,synthetic_subtraction,7a50c34d1fa1ed88d7d335593939d32ccfdc3af18adae99ada0dc1028c8adf99,503481c7a0386472e58e983b0e474b2c5aaded4230fd80024f9b5c9dcec02b46,0,OPERAND,VERTICAL_SUBTRACTION,2,False,False,True,"{""width"": 135, ""height"": 69}",val,programmatic vertical subtraction fixture (52 - 18 = 34),True,ANONYMOUS_SYNTHETIC_03,DEIDENTIFIED_SYNTHETIC,YES
synthetic_subtraction_row_01_minus18_b92a5657,ai-training/datasets/arithmetic_ocr_line_v1/crops/synthetic_subtraction_row_01_minus18_b92a5657.png,synthetic_subtraction_row_01_minus18_b92a5657.png,-18,-18,synthetic_subtraction,7a50c34d1fa1ed88d7d335593939d32ccfdc3af18adae99ada0dc1028c8adf99,b92a56578f01c4299ce4d9e63694a13563fe2aa24db6c752b3d9e628bcf2fc8e,1,OPERATOR_OPERAND,VERTICAL_SUBTRACTION,2,True,False,True,"{""width"": 216, ""height"": 69}",val,programmatic vertical subtraction fixture (52 - 18 = 34),True,ANONYMOUS_SYNTHETIC_03,DEIDENTIFIED_SYNTHETIC,YES
synthetic_subtraction_row_03_34_aa54bab9,ai-training/datasets/arithmetic_ocr_line_v1/crops/synthetic_subtraction_row_03_34_aa54bab9.png,synthetic_subtraction_row_03_34_aa54bab9.png,34,34,synthetic_subtraction,7a50c34d1fa1ed88d7d335593939d32ccfdc3af18adae99ada0dc1028c8adf99,aa54bab9ac4862b856775fb59711ef34a87488ea2c590fe515e721d6f3c1bf6f,3,RESULT,VERTICAL_SUBTRACTION,2,False,False,True,"{""width"": 135, ""height"": 69}",val,programmatic vertical subtraction fixture (52 - 18 = 34),True,ANONYMOUS_SYNTHETIC_03,DEIDENTIFIED_SYNTHETIC,YES
